,year,km_driven,fuel,seller_type,transmission,owner,mileage,engine,max_power,seats
0,2010,168000,Diesel,Individual,Manual,First Owner,14.0 kmpl,2498 CC,112 bhp,7.0
1,2017,25000,Diesel,Individual,Manual,First Owner,21.5 kmpl,1497 CC,108.5 bhp,5.0
2,2007,218463,Petrol,Individual,Automatic,First Owner,12.9 kmpl,1799 CC,130 bhp,5.0
3,2015,173000,Diesel,Individual,Manual,First Owner,25.1 kmpl,1498 CC,98.6 bhp,5.0
4,2011,70000,Petrol,Individual,Manual,Second Owner,16.5 kmpl,1172 CC,65 bhp,5.0
5,2019,12584,Diesel,Dealer,Manual,First Owner,16.55 kmpl,2498 CC,105 bhp,6.0
6,2011,35000,Petrol,Individual,Manual,First Owner,18.0 kmpl,995 CC,62 bhp,5.0
7,2012,70000,Petrol,Individual,Manual,Second Owner,18.5 kmpl,1197 CC,85.80 bhp,5.0
8,2011,72000,Petrol,Individual,Manual,Second Owner,19.7 kmpl,796 CC,46.3 bhp,5.0
9,2016,58000,Diesel,Individual,Manual,First Owner,19.67 kmpl,1582 CC,126.2 bhp,5.0
10,2018,49000,Diesel,Individual,Automatic,First Owner,22.0 kmpl,1582 CC,126.2 bhp,5.0
11,2019,20000,Petrol,Dealer,Automatic,First Owner,22.37 kmpl,2487 CC,214.56 bhp,5.0
12,2017,24500,Diesel,Dealer,Manual,First Owner,25.8 kmpl,1498 CC,98.6 bhp,5.0
13,2009,110000,Petrol,Individual,Manual,First Owner,20.36 kmpl,1197 CC,78.9 bhp,5.0
14,2019,9500,Petrol,Individual,Manual,First Owner,18.16 kmpl,1196 CC,86.8 bhp,5.0
15,2017,17000,Petrol,Individual,Automatic,First Owner,9.5 kmpl,3604 CC,280 bhp,5.0
16,2014,25000,Petrol,Individual,Manual,First Owner,16.02 kmpl,1373 CC,93.7 bhp,7.0
17,2012,185000,Diesel,Individual,Manual,Second Owner,19.4 kmpl,1405 CC,70 bhp,5.0
18,2014,62200,Petrol,Dealer,Manual,First Owner,17.0 kmpl,1197 CC,80 bhp,5.0
19,2011,35000,Petrol,Individual,Manual,First Owner,16.36 kmpl,1495 CC,93.7 bhp,5.0
20,2011,70000,Diesel,Individual,Manual,Second Owner,22.9 kmpl,1248 CC,74 bhp,5.0
21,2010,180000,Petrol,Individual,Manual,Second Owner,19.0 kmpl,998 CC,67.1 bhp,5.0
22,2015,74000,Diesel,Individual,Manual,First Owner,19.67 kmpl,1582 CC,126.2 bhp,5.0
23,2015,20000,Petrol,Individual,Automatic,First Owner,21.9 kmpl,624 CC,37.48 bhp,4.0
24,2017,40000,Diesel,Individual,Manual,First Owner,28.4 kmpl,1248 CC,74.02 bhp,5.0
25,2015,100581,Diesel,Dealer,Manual,First Owner,25.83 kmpl,1498 CC,99 bhp,5.0
26,2017,40000,Diesel,Individual,Manual,Second Owner,22.0 kmpl,1582 CC,126.2 bhp,5.0
27,2015,140000,Diesel,Individual,Manual,First Owner,16.0 kmpl,2179 CC,140 bhp,7.0
28,2014,60000,Diesel,Individual,Manual,First Owner,24.0 kmpl,1120 CC,70 bhp,5.0
29,2016,80000,Diesel,Individual,Manual,Third Owner,21.19 kmpl,1396 CC,88.73 bhp,5.0
30,2019,5000,Diesel,Individual,Manual,First Owner,17.3 kmpl,1497 CC,121 bhp,7.0
31,2017,50000,Diesel,Individual,Automatic,First Owner,19.6 kmpl,1461 CC,108.45 bhp,5.0
32,2012,138000,Diesel,Individual,Manual,Second Owner,12.8 kmpl,2494 CC,102 bhp,8.0
33,2013,60000,Petrol,Individual,Manual,Second Owner,14.09 kmpl,1596 CC,99.6 bhp,5.0
35,2013,120000,Petrol,Individual,Manual,Second Owner,18.0 kmpl,1198 CC,86.7 bhp,5.0
36,2019,25000,Petrol,Individual,Automatic,Fourth & Above Owner,20.3 kmpl,1086 CC,68 bhp,5.0
37,2012,90000,Diesel,Individual,Manual,First Owner,22.3 kmpl,1248 CC,74 bhp,5.0
38,2013,37000,Petrol,Dealer,Manual,First Owner,13.7 kmpl,1399 CC,98.79 bhp,7.0
39,2016,11000,Petrol,Dealer,Automatic,First Owner,14.3 kmpl,1598 CC,103.5 bhp,5.0
40,2012,100000,Diesel,Individual,Manual,Third Owner,19.3 kmpl,1248 CC,73.9 bhp,5.0
41,2014,45000,Diesel,Individual,Manual,First Owner,19.09 kmpl,1405 CC,69.01 bhp,5.0
42,2011,60000,Petrol,Individual,Manual,Second Owner,20.36 kmpl,1197 CC,78.9 bhp,5.0
43,2014,76000,Diesel,Individual,Manual,Third Owner,24.0 kmpl,1120 CC,70 bhp,5.0
44,2017,110000,CNG,Individual,Manual,First Owner,26.6 km/kg,998 CC,58.16 bhp,5.0
45,2012,135000,Diesel,Individual,Manual,First Owner,15.96 kmpl,2523 CC,62.1 bhp,7.0
46,2011,160000,Diesel,Individual,Manual,Third Owner,20.86 kmpl,1199 CC,75 bhp,5.0
47,2010,94000,Petrol,Individual,Manual,Second Owner,20.36 kmpl,1197 CC,78.9 bhp,5.0
48,2019,5500,Petrol,Individual,Manual,First Owner,15.37 kmpl,1196 CC,73 bhp,7.0
49,2019,5000,Petrol,Individual,Manual,First Owner,19.5 kmpl,1199 CC,88.76 bhp,5.0
50,2014,62000,Petrol,Individual,Manual,First Owner,21.1 kmpl,814 CC,55.2 bhp,5.0
51,2010,80000,Petrol,Individual,Manual,Fourth & Above Owner,17.0 kmpl,1197 CC,80 bhp,5.0
52,2019,30000,Diesel,Individual,Manual,First Owner,28.4 kmpl,1248 CC,74.02 bhp,5.0
53,2014,90000,Diesel,Individual,Manual,First Owner,20.77 kmpl,1248 CC,88.8 bhp,7.0
54,2012,88000,Petrol,Individual,Manual,First Owner,17.5 kmpl,1298 CC,85.8 bhp,5.0
55,2018,20000,Petrol,Individual,Manual,First Owner,23.01 kmpl,999 CC,67 bhp,5.0
56,2012,40000,Petrol,Individual,Manual,First Owner,18.5 kmpl,1197 CC,85.80 bhp,5.0
58,2012,120000,Petrol,Individual,Manual,First Owner,18.5 kmpl,1197 CC,82.85 bhp,5.0
59,2011,120000,Diesel,Individual,Manual,First Owner,19.4 kmpl,1405 CC,70 bhp,5.0
60,2017,25538,Petrol,Trustmark Dealer,Manual,First Owner,16.78 kmpl,1496 CC,88.73 bhp,5.0
61,2019,7500,Diesel,Dealer,Automatic,First Owner,16.78 kmpl,1995 CC,190 bhp,5.0
62,2017,25000,Petrol,Individual,Manual,First Owner,22.7 kmpl,799 CC,53.64 bhp,5.0
63,2013,70000,Petrol,Individual,Manual,First Owner,18.5 kmpl,1197 CC,82.85 bhp,5.0
64,2015,90000,Diesel,Individual,Manual,First Owner,21.19 kmpl,1396 CC,88.73 bhp,5.0
65,2018,60000,Diesel,Individual,Manual,First Owner,22.1 kmpl,1396 CC,88.7 bhp,5.0
67,2014,48000,Diesel,Individual,Manual,First Owner,21.7 kmpl,1498 CC,98.96 bhp,5.0
68,2015,40000,Petrol,Individual,Manual,Second Owner,16.02 kmpl,1373 CC,93.7 bhp,7.0
69,2018,20000,Petrol,Individual,Manual,First Owner,21.4 kmpl,1197 CC,83.1 bhp,5.0
70,2014,23000,Petrol,Individual,Manual,Second Owner,20.36 kmpl,1197 CC,78.9 bhp,5.0
72,2014,110000,Diesel,Individual,Manual,First Owner,22.54 kmpl,1396 CC,88.73 bhp,5.0
73,2019,9400,Petrol,Dealer,Manual,First Owner,18.6 kmpl,1197 CC,81.83 bhp,5.0
74,2006,120000,Diesel,Individual,Manual,Second Owner,14.0 kmpl,2523 CC,83 bhp,7.0
75,2018,2000,Diesel,Dealer,Automatic,First Owner,16.8 kmpl,1984 CC,150 bhp,5.0
76,2013,60000,Petrol,Individual,Manual,Second Owner,22.74 kmpl,796 CC,47.3 bhp,5.0
77,2016,56494,Petrol,Trustmark Dealer,Manual,First Owner,18.2 kmpl,1199 CC,88.7 bhp,5.0
78,2016,120000,Diesel,Individual,Manual,Second Owner,24.4 kmpl,1120 CC,71 bhp,5.0
79,2015,110000,Diesel,Individual,Manual,First Owner,14.1 kmpl,2179 CC,147.94 bhp,7.0
80,2015,50000,Diesel,Individual,Manual,First Owner,15.96 kmpl,2523 CC,62.1 bhp,7.0
81,2015,48000,Petrol,Dealer,Manual,First Owner,24.7 kmpl,796 CC,47.3 bhp,5.0
82,2017,18300,Petrol,Individual,Manual,First Owner,17.8 kmpl,1497 CC,117.3 bhp,5.0
83,2017,120000,Petrol,Individual,Automatic,First Owner,21.21 kmpl,1197 CC,81.80 bhp,5.0
84,2016,110000,Diesel,Individual,Manual,First Owner,19.67 kmpl,1582 CC,126.2 bhp,5.0
85,2017,25000,Petrol,Individual,Manual,First Owner,18.6 kmpl,1197 CC,81.83 bhp,5.0
86,2014,105000,Diesel,Dealer,Manual,First Owner,21.7 kmpl,1498 CC,98.96 bhp,5.0
87,2012,98000,Diesel,Individual,Manual,First Owner,25.44 kmpl,936 CC,57.6 bhp,5.0
88,2018,35000,Diesel,Individual,Manual,First Owner,22.71 kmpl,1461 CC,84.8 bhp,5.0
89,2018,60000,Diesel,Individual,Automatic,First Owner,15.04 kmpl,2755 CC,174.5 bhp,7.0
90,2007,70000,Petrol,Individual,Manual,First Owner,19.7 kmpl,796 CC,46.3 bhp,5.0
91,2016,80000,Diesel,Individual,Manual,First Owner,24.3 kmpl,1248 CC,88.5 bhp,5.0
92,2012,163720,Diesel,Dealer,Manual,First Owner,18.5 kmpl,1399 CC,68 bhp,5.0
93,2017,40000,Petrol,Individual,Manual,Second Owner,20.3 kmpl,1199 CC,84 bhp,5.0
94,2017,62960,Diesel,Dealer,Manual,First Owner,25.83 kmpl,1498 CC,99 bhp,5.0
95,2019,4337,Petrol,Dealer,Automatic,First Owner,18.9 kmpl,1197 CC,82 bhp,5.0
96,2015,53000,Diesel,Individual,Manual,First Owner,24.0 kmpl,1120 CC,70 bhp,5.0
97,2015,80000,Diesel,Individual,Manual,Second Owner,15.4 kmpl,2179 CC,120 bhp,7.0
98,2015,120000,Diesel,Individual,Manual,First Owner,13.0 kmpl,2494 CC,142 bhp,7.0
99,2014,65000,Diesel,Dealer,Manual,First Owner,19.09 kmpl,1405 CC,69.01 bhp,5.0
100,2013,60000,Petrol,Individual,Manual,First Owner,21.1 kmpl,814 CC,55.2 bhp,5.0
101,2013,100000,Diesel,Individual,Manual,First Owner,22.3 kmpl,1248 CC,88.8 bhp,5.0
102,2018,75000,Diesel,Individual,Automatic,First Owner,21.5 kmpl,1498 CC,108.5 bhp,5.0
103,2016,68089,Petrol,Trustmark Dealer,Automatic,First Owner,19.16 kmpl,2494 CC,157.7 bhp,5.0
104,2004,113000,Petrol,Individual,Manual,Second Owner,19.7 kmpl,796 CC,46.3 bhp,5.0
105,2014,50000,Petrol,Individual,Manual,First Owner,20.4 kmpl,1197 CC,81.80 bhp,5.0
106,2017,60000,Diesel,Individual,Manual,First Owner,28.4 kmpl,1248 CC,74.02 bhp,5.0
107,2014,80000,Petrol,Individual,Manual,Third Owner,16.02 kmpl,1373 CC,93.7 bhp,7.0
108,2009,125876,Petrol,Individual,Manual,Second Owner,15.0 kmpl,1586 CC,104.68 bhp,5.0
109,2019,5000,Petrol,Individual,Automatic,First Owner,21.4 kmpl,1197 CC,83.1 bhp,5.0
110,2015,110000,Diesel,Individual,Manual,Second Owner,19.1 kmpl,1405 CC,70 bhp,5.0
111,2013,120000,Diesel,Individual,Manual,First Owner,23.59 kmpl,1364 CC,67.06 bhp,5.0
112,2017,110000,Diesel,Individual,Manual,Second Owner,28.4 kmpl,1248 CC,74.02 bhp,5.0
113,2017,140000,Diesel,Individual,Manual,First Owner,14.07 kmpl,2956 CC,69.01 bhp,7.0
114,2005,90000,Petrol,Individual,Manual,Second Owner,17.3 kmpl,993 CC,60 bhp,5.0
115,2007,70000,Petrol,Individual,Manual,Third Owner,15.9 kmpl,1298 CC,85 bhp,5.0
116,1995,70000,Petrol,Individual,Manual,First Owner,16.1 kmpl,796 CC,37 bhp,4.0
117,2017,60000,Diesel,Individual,Automatic,Second Owner,17.01 kmpl,1582 CC,126.2 bhp,5.0
119,2013,100000,Diesel,Individual,Manual,Second Owner,23.4 kmpl,1248 CC,74 bhp,5.0
120,2017,100000,Diesel,Individual,Manual,Second Owner,16.5 kmpl,1493 CC,70 bhp,7.0
121,2017,31000,Diesel,Individual,Manual,First Owner,25.4 kmpl,1186 CC,73.97 bhp,5.0
122,2017,26000,Petrol,Individual,Automatic,First Owner,18.0 kmpl,1497 CC,117.3 bhp,5.0
123,2013,80000,Petrol,Individual,Manual,Second Owner,15.1 kmpl,1196 CC,73 bhp,5.0
124,2011,90000,Petrol,Individual,Manual,Third Owner,17.0 kmpl,1197 CC,80 bhp,5.0
125,2018,20000,Petrol,Individual,Manual,First Owner,18.6 kmpl,1197 CC,81.83 bhp,5.0
126,2018,10000,Petrol,Individual,Manual,First Owner,22.7 kmpl,799 CC,53.64 bhp,5.0
127,2012,80000,Petrol,Individual,Manual,First Owner,22.74 kmpl,796 CC,47.3 bhp,5.0
128,2008,100000,Diesel,Individual,Manual,Second Owner,11.5 kmpl,1991 CC,147.9 bhp,7.0
129,2010,148000,Diesel,Individual,Manual,Second Owner,19.09 kmpl,1396 CC,69 bhp,5.0
130,2009,90000,Petrol,Individual,Manual,Second Owner,0.0 kmpl,1086 CC,62 bhp,5.0
131,2016,50000,Petrol,Individual,Manual,First Owner,20.4 kmpl,1197 CC,81.80 bhp,5.0
132,2013,90000,Diesel,Individual,Manual,Second Owner,19.4 kmpl,1405 CC,70 bhp,5.0
133,2012,215000,Diesel,Individual,Manual,First Owner,12.05 kmpl,2179 CC,120 bhp,7.0
134,2017,25000,Petrol,Individual,Manual,First Owner,21.63 kmpl,998 CC,67 bhp,5.0
135,2012,87000,Diesel,Individual,Manual,First Owner,20.77 kmpl,1248 CC,88.76 bhp,7.0
136,2012,120000,Diesel,Individual,Manual,Second Owner,21.03 kmpl,1461 CC,65 bhp,5.0
137,2017,70000,Diesel,Individual,Manual,First Owner,24.52 kmpl,1248 CC,88.5 bhp,7.0
138,2011,90000,Diesel,Individual,Manual,Fourth & Above Owner,19.3 kmpl,1248 CC,73.9 bhp,5.0
139,2017,60000,Diesel,Individual,Manual,Second Owner,16.5 kmpl,1493 CC,70 bhp,7.0
140,2011,175000,Petrol,Individual,Manual,Second Owner,19.7 kmpl,796 CC,46.3 bhp,5.0
141,2012,40000,Diesel,Individual,Manual,First Owner,22.3 kmpl,1248 CC,74 bhp,5.0
142,2019,5621,Petrol,Trustmark Dealer,Automatic,First Owner,22.0 kmpl,1197 CC,81.80 bhp,5.0
143,2019,40000,Petrol,Individual,Manual,First Owner,21.21 kmpl,1197 CC,81.80 bhp,5.0
144,2012,30000,Petrol,Individual,Manual,First Owner,17.5 kmpl,1298 CC,85.8 bhp,5.0
146,2018,39000,Diesel,Dealer,Manual,First Owner,28.4 kmpl,1248 CC,74 bhp,5.0
147,2017,80000,Petrol,Individual,Manual,Second Owner,20.63 kmpl,1198 CC,67 bhp,5.0
148,2019,20000,Diesel,Individual,Automatic,First Owner,18.0 kmpl,1969 CC,190 bhp,5.0
150,2013,50000,Petrol,Individual,Manual,First Owner,22.74 kmpl,796 CC,47.3 bhp,5.0
151,2018,70000,Petrol,Individual,Manual,First Owner,17.0 kmpl,1198 CC,108.5 bhp,5.0
152,2019,6000,Petrol,Individual,Manual,First Owner,19.0 kmpl,1194 CC,94.68 bhp,5.0
153,2004,60000,Petrol,Individual,Manual,Second Owner,19.7 kmpl,796 CC,46.3 bhp,5.0
154,2014,120000,Diesel,Individual,Manual,First Owner,15.1 kmpl,2179 CC,140 bhp,7.0
155,2011,181000,Diesel,Individual,Manual,Second Owner,11.5 kmpl,2982 CC,171 bhp,7.0
156,2009,100000,Diesel,Individual,Manual,Second Owner,17.8 kmpl,1248 CC,75 bhp,5.0
157,2014,50000,Petrol,Individual,Manual,Third Owner,21.1 kmpl,814 CC,55.2 bhp,5.0
158,2017,63982,Diesel,Dealer,Manual,First Owner,22.7 kmpl,1498 CC,89.84 bhp,5.0
159,2011,120000,Diesel,Individual,Manual,Second Owner,19.3 kmpl,1248 CC,73.9 bhp,5.0
160,2012,48000,CNG,Individual,Manual,First Owner,13.2 km/kg,1495 CC,93.7 bhp,5.0
161,2016,39000,Diesel,Dealer,Manual,First Owner,19.67 kmpl,1582 CC,126.2 bhp,5.0
162,2011,90000,Diesel,Individual,Manual,Second Owner,19.3 kmpl,1248 CC,73.9 bhp,5.0
163,2003,90000,Petrol,Individual,Manual,Second Owner,13.2 kmpl,1495 CC,94 bhp,5.0
164,2007,147500,Diesel,Individual,Manual,Second Owner,12.8 kmpl,2494 CC,102 bhp,7.0
165,2008,60000,Diesel,Individual,Manual,Second Owner,12.8 kmpl,1995 CC,52 bhp,5.0
166,2016,90000,Diesel,Individual,Manual,First Owner,19.09 kmpl,1405 CC,69.01 bhp,5.0
167,2017,80000,Petrol,Individual,Manual,First Owner,18.16 kmpl,1196 CC,86.8 bhp,5.0
168,2004,150000,Diesel,Individual,Manual,Second Owner,13.6 kmpl,2523 CC,63 bhp,7.0
169,2017,25000,Diesel,Individual,Manual,First Owner,26.59 kmpl,1248 CC,74 bhp,5.0
170,2004,93415,Diesel,Dealer,Manual,First Owner,13.1 kmpl,2499 CC,141 bhp,7.0
171,2019,15000,Diesel,Individual,Manual,Second Owner,28.4 kmpl,1248 CC,74 bhp,5.0
172,2010,106000,Petrol,Individual,Manual,Third Owner,20.36 kmpl,1197 CC,78.9 bhp,5.0
173,2013,70000,Diesel,Individual,Manual,Second Owner,22.07 kmpl,1199 CC,73.9 bhp,5.0
174,2015,90000,Petrol,Individual,Manual,First Owner,18.6 kmpl,1197 CC,81.83 bhp,5.0
175,2016,71000,Diesel,Individual,Manual,First Owner,18.49 kmpl,1493 CC,100 bhp,7.0
176,2006,100000,Petrol,Individual,Manual,Second Owner,17.7 kmpl,1497 CC,78 bhp,5.0
177,2017,31000,Petrol,Individual,Manual,Second Owner,21.1 kmpl,814 CC,55.2 bhp,5.0
178,2017,30000,Petrol,Individual,Manual,First Owner,18.6 kmpl,1197 CC,81.83 bhp,5.0
179,2006,93000,Petrol,Individual,Manual,Second Owner,16.1 kmpl,1197 CC,85 bhp,5.0
180,2017,60000,Diesel,Individual,Manual,First Owner,14.1 kmpl,2179 CC,147.94 bhp,7.0
181,2017,90000,Diesel,Individual,Manual,First Owner,24.3 kmpl,1248 CC,88.5 bhp,5.0
182,2017,9000,Diesel,Dealer,Automatic,First Owner,13.6 kmpl,1999 CC,177 bhp,5.0
183,2015,75000,Diesel,Individual,Manual,First Owner,14.07 kmpl,2956 CC,69.01 bhp,7.0
184,2010,120000,Petrol,Individual,Manual,Third Owner,15.6 kmpl,1196 CC,70 bhp,5.0
185,2012,50000,Diesel,Individual,Manual,First Owner,15.96 kmpl,2523 CC,62.1 bhp,7.0
186,2013,300000,Diesel,Individual,Manual,First Owner,14.0 kmpl,2498 CC,112 bhp,8.0
187,2017,20000,Petrol,Individual,Manual,Second Owner,21.1 kmpl,814 CC,55.2 bhp,5.0
188,2010,70000,Petrol,Individual,Manual,Second Owner,19.81 kmpl,1086 CC,68.05 bhp,5.0
189,2010,86017,Diesel,Dealer,Manual,Second Owner,25.5 kmpl,1498 CC,99.23 bhp,5.0
190,2008,70000,Petrol,Individual,Manual,Second Owner,19.7 kmpl,796 CC,46.3 bhp,5.0
191,2017,28000,Petrol,Individual,Manual,Second Owner,23.84 kmpl,1199 CC,84 bhp,5.0
192,2010,120000,Diesel,Individual,Manual,First Owner,21.1 kmpl,1248 CC,73.9 bhp,5.0
193,2018,15000,Petrol,Dealer,Manual,First Owner,22.0 kmpl,1197 CC,81.80 bhp,5.0
194,2015,150546,Petrol,Dealer,Manual,First Owner,22.0 kmpl,1197 CC,81.80 bhp,5.0
195,2019,20000,CNG,Individual,Manual,First Owner,32.26 km/kg,998 CC,58.3 bhp,4.0
196,2016,82000,Petrol,Individual,Manual,Third Owner,18.5 kmpl,1197 CC,85.80 bhp,5.0
197,2005,120000,Diesel,Individual,Manual,First Owner,12.8 kmpl,2494 CC,102 bhp,8.0
198,2019,40000,Diesel,Individual,Manual,First Owner,25.6 kmpl,1498 CC,97.9 bhp,5.0
199,2014,50000,Diesel,Individual,Manual,First Owner,13.58 kmpl,2499 CC,72.4 bhp,9.0
200,2019,5621,Petrol,Trustmark Dealer,Automatic,First Owner,22.0 kmpl,1197 CC,81.80 bhp,5.0
201,2019,8500,Diesel,Dealer,Automatic,First Owner,16.78 kmpl,1995 CC,190 bhp,5.0
202,2013,32000,Petrol,Individual,Manual,First Owner,16.8 kmpl,1497 CC,116.3 bhp,5.0
203,2012,111000,Petrol,Individual,Manual,First Owner,19.7 kmpl,796 CC,46.3 bhp,5.0
204,2014,132000,Diesel,Dealer,Manual,Second Owner,22.7 kmpl,1498 CC,89.84 bhp,5.0
205,2013,46000,Petrol,Individual,Manual,First Owner,18.2 kmpl,1199 CC,84.8 bhp,5.0
206,2014,50000,Petrol,Individual,Manual,First Owner,18.6 kmpl,1197 CC,85.8 bhp,5.0
207,2011,375000,Diesel,Individual,Manual,First Owner,12.8 kmpl,2494 CC,102 bhp,8.0
209,2017,56290,Diesel,Dealer,Manual,First Owner,24.0 kmpl,1186 CC,73.97 bhp,5.0
210,2017,25000,Petrol,Individual,Manual,Second Owner,24.7 kmpl,796 CC,47.3 bhp,5.0
211,2017,45000,Diesel,Dealer,Automatic,First Owner,19.33 kmpl,1999 CC,177 bhp,5.0
212,2018,12000,Diesel,Dealer,Manual,First Owner,16.55 kmpl,2498 CC,105 bhp,6.0
213,2016,100000,Diesel,Individual,Manual,First Owner,27.28 kmpl,1047 CC,69 bhp,5.0
214,2012,35000,Diesel,Individual,Manual,Second Owner,23.03 kmpl,1396 CC,69 bhp,5.0
215,2006,264000,Diesel,Individual,Manual,First Owner,12.8 kmpl,2494 CC,102 bhp,8.0
216,2012,80000,Diesel,Individual,Manual,Second Owner,22.32 kmpl,1582 CC,126.32 bhp,5.0
217,2018,13000,Petrol,Individual,Manual,First Owner,20.4 kmpl,1194 CC,94.93 bhp,5.0
218,2018,44000,Petrol,Individual,Manual,First Owner,15.37 kmpl,1196 CC,73 bhp,7.0
219,2013,70000,Petrol,Individual,Manual,Second Owner,18.6 kmpl,1199 CC,79.4 bhp,5.0
220,2010,55000,Petrol,Individual,Manual,Second Owner,19.81 kmpl,1086 CC,68.05 bhp,5.0
221,2018,75000,Diesel,Individual,Automatic,First Owner,21.5 kmpl,1498 CC,108.5 bhp,5.0
222,2014,60000,Petrol,Individual,Manual,Second Owner,20.92 kmpl,998 CC,67.1 bhp,5.0
223,2016,70000,Diesel,Individual,Manual,First Owner,25.2 kmpl,1248 CC,74 bhp,5.0
224,2014,46000,Petrol,Individual,Manual,Second Owner,19.1 kmpl,1197 CC,81.86 bhp,5.0
225,2014,90000,Diesel,Individual,Manual,Second Owner,26.21 kmpl,1248 CC,88.5 bhp,5.0
226,2011,43500,Petrol,Individual,Manual,Second Owner,18.06 kmpl,1198 CC,75 bhp,5.0
227,2015,90000,Diesel,Individual,Manual,First Owner,22.77 kmpl,1498 CC,98.59 bhp,5.0
228,2011,46000,Petrol,Individual,Manual,First Owner,20.92 kmpl,998 CC,67.1 bhp,5.0
229,2014,25000,Petrol,Individual,Manual,First Owner,22.74 kmpl,796 CC,47.3 bhp,5.0
230,2017,50000,Diesel,Individual,Manual,First Owner,24.52 kmpl,1248 CC,88.5 bhp,7.0
231,2018,30000,Diesel,Individual,Manual,First Owner,24.0 kmpl,1186 CC,73.97 bhp,5.0
232,2012,120000,Diesel,Individual,Manual,Second Owner,13.5 kmpl,2179 CC,115 bhp,5.0
233,2014,90000,Diesel,Individual,Manual,First Owner,22.9 kmpl,1248 CC,74 bhp,5.0
234,2016,52000,Diesel,Individual,Manual,First Owner,23.65 kmpl,1248 CC,88.5 bhp,5.0
235,2017,56290,Diesel,Dealer,Manual,First Owner,24.0 kmpl,1186 CC,73.97 bhp,5.0
236,2008,120000,Diesel,Individual,Manual,Fourth & Above Owner,17.88 kmpl,1396 CC,52.8 bhp,5.0
237,2011,93500,Petrol,Dealer,Manual,Third Owner,17.0 kmpl,1497 CC,118 bhp,5.0
238,2016,68089,Petrol,Trustmark Dealer,Automatic,First Owner,19.16 kmpl,2494 CC,157.7 bhp,5.0
239,2017,33000,Petrol,Dealer,Automatic,Second Owner,14.7 kmpl,1798 CC,177.5 bhp,5.0
240,2009,60000,Diesel,Individual,Manual,Second Owner,17.88 kmpl,1396 CC,52.8 bhp,5.0
241,2018,30000,Petrol,Individual,Manual,First Owner,25.17 kmpl,799 CC,53.3 bhp,5.0
242,2013,70000,Diesel,Individual,Manual,First Owner,25.8 kmpl,1498 CC,98.6 bhp,5.0
243,2017,25000,Petrol,Individual,Manual,First Owner,17.0 kmpl,1497 CC,121.31 bhp,5.0
244,2018,17601,Diesel,Dealer,Automatic,First Owner,16.25 kmpl,1968 CC,148 bhp,7.0
245,2019,14000,Petrol,Individual,Automatic,First Owner,23.95 kmpl,998 CC,67.05 bhp,5.0
246,2015,50000,Petrol,Individual,Manual,First Owner,22.74 kmpl,796 CC,47.3 bhp,5.0
247,2009,110000,Petrol,Individual,Manual,Second Owner,20.36 kmpl,1197 CC,78.9 bhp,5.0
248,2013,60000,Diesel,Individual,Manual,First Owner,20.77 kmpl,1248 CC,88.8 bhp,7.0
249,2013,79328,Diesel,Trustmark Dealer,Manual,Second Owner,12.99 kmpl,2494 CC,100.6 bhp,7.0
250,2009,217000,Diesel,Individual,Manual,Fourth & Above Owner,12.8 kmpl,2494 CC,102 bhp,8.0
251,2014,106000,Diesel,Individual,Manual,First Owner,22.32 kmpl,1582 CC,126.32 bhp,5.0
252,2017,70000,Diesel,Individual,Manual,First Owner,28.4 kmpl,1248 CC,74.02 bhp,5.0
253,2015,110000,Diesel,Individual,Manual,First Owner,14.1 kmpl,2179 CC,147.94 bhp,7.0
254,2010,190000,Diesel,Individual,Manual,Third Owner,16.2 kmpl,1493 CC,110 bhp,5.0
255,2014,50000,Diesel,Individual,Manual,Second Owner,14.0 kmpl,2523 CC,75 bhp,9.0
256,2009,90000,Diesel,Individual,Manual,Second Owner,13.93 kmpl,2179 CC,138.1 bhp,7.0
257,2014,86000,Diesel,Individual,Manual,Second Owner,14.0 kmpl,2179 CC,138.1 bhp,7.0
258,2016,30000,Petrol,Individual,Manual,First Owner,25.17 kmpl,799 CC,53.3 bhp,5.0
259,2019,9200,Petrol,Individual,Automatic,First Owner,23.84 kmpl,1199 CC,83.83 bhp,5.0
260,2015,92651,Diesel,Dealer,Manual,First Owner,21.7 kmpl,1498 CC,98.96 bhp,5.0
261,2017,30000,Diesel,Individual,Manual,First Owner,25.83 kmpl,1498 CC,99 bhp,5.0
262,2011,80000,Diesel,Individual,Manual,First Owner,22.32 kmpl,1582 CC,126.32 bhp,5.0
263,2019,10000,Petrol,Individual,Manual,First Owner,18.6 kmpl,1197 CC,81.86 bhp,5.0
264,2006,59000,Petrol,Individual,Manual,Second Owner,16.1 kmpl,796 CC,37 bhp,4.0
265,2009,125000,Petrol,Individual,Manual,Second Owner,13.5 kmpl,1799 CC,130 bhp,5.0
266,2011,100000,Diesel,Individual,Manual,Second Owner,13.6 kmpl,2523 CC,63 bhp,7.0
267,2018,50000,Petrol,Individual,Manual,First Owner,23.84 kmpl,1199 CC,84 bhp,5.0
268,2017,15000,Petrol,Individual,Manual,Second Owner,21.1 kmpl,814 CC,55.2 bhp,5.0
269,2017,45000,Diesel,Dealer,Automatic,First Owner,19.33 kmpl,1999 CC,177 bhp,5.0
270,2017,45000,Diesel,Dealer,Automatic,First Owner,19.33 kmpl,1999 CC,177 bhp,5.0
271,2011,43000,Petrol,Dealer,Automatic,First Owner,13.4 kmpl,1997 CC,135.1 bhp,5.0
272,2016,70000,Diesel,Individual,Manual,Second Owner,24.52 kmpl,1248 CC,88.5 bhp,7.0
273,2016,30000,Petrol,Individual,Manual,Third Owner,23.01 kmpl,999 CC,67 bhp,5.0
274,2018,27620,Diesel,Dealer,Manual,First Owner,22.77 kmpl,1498 CC,98.59 bhp,5.0
275,2017,31596,Petrol,Dealer,Manual,First Owner,17.0 kmpl,1497 CC,121.36 bhp,5.0
276,2017,20000,Petrol,Individual,Automatic,First Owner,18.0 kmpl,1497 CC,117.6 bhp,5.0
277,2012,60000,Diesel,Individual,Manual,Second Owner,15.1 kmpl,2179 CC,140 bhp,7.0
278,2015,52000,Diesel,Individual,Manual,First Owner,19.09 kmpl,1405 CC,69.01 bhp,5.0
279,2015,80000,Diesel,Individual,Manual,First Owner,22.54 kmpl,1396 CC,88.73 bhp,5.0
280,2013,189000,Diesel,Individual,Manual,First Owner,21.02 kmpl,1248 CC,88.76 bhp,5.0
281,2012,110000,Diesel,Individual,Manual,Second Owner,19.01 kmpl,1461 CC,108.45 bhp,5.0
282,2018,8576,Petrol,Dealer,Manual,First Owner,18.7 kmpl,1199 CC,88.7 bhp,5.0
283,2016,56494,Petrol,Trustmark Dealer,Manual,First Owner,18.2 kmpl,1199 CC,88.7 bhp,5.0
284,2008,93331,Petrol,Individual,Manual,Second Owner,19.81 kmpl,1086 CC,68.05 bhp,5.0
285,2008,30000,Petrol,Individual,Manual,Second Owner,19.81 kmpl,1086 CC,68.05 bhp,5.0
286,2017,60000,Diesel,Individual,Manual,First Owner,16.5 kmpl,1493 CC,70 bhp,7.0
287,2010,44500,Petrol,Dealer,Manual,First Owner,16.47 kmpl,1198 CC,74 bhp,5.0
288,2011,291000,Diesel,Individual,Manual,Second Owner,12.8 kmpl,2494 CC,102 bhp,7.0
289,2016,56494,Petrol,Trustmark Dealer,Manual,First Owner,18.2 kmpl,1199 CC,88.7 bhp,5.0
290,2019,5621,Petrol,Trustmark Dealer,Automatic,First Owner,22.0 kmpl,1197 CC,81.80 bhp,5.0
291,2014,60000,Petrol,Individual,Manual,Second Owner,18.9 kmpl,1197 CC,82 bhp,5.0
292,2017,100000,Diesel,Individual,Manual,First Owner,23.65 kmpl,1248 CC,88.5 bhp,5.0
293,2013,120000,Diesel,Individual,Manual,First Owner,19.09 kmpl,1396 CC,69 bhp,5.0
294,2016,30000,Diesel,Individual,Manual,First Owner,27.3 kmpl,1498 CC,98.6 bhp,5.0
296,2012,56000,Diesel,Individual,Manual,Second Owner,22.9 kmpl,1248 CC,74 bhp,5.0
297,2014,46100,Petrol,Dealer,Manual,First Owner,16.02 kmpl,1373 CC,93.7 bhp,7.0
298,2011,140000,Diesel,Individual,Manual,Second Owner,11.57 kmpl,2179 CC,138.1 bhp,7.0
299,2017,45000,Diesel,Dealer,Automatic,First Owner,19.33 kmpl,1999 CC,177 bhp,5.0
300,2015,56975,Diesel,Individual,Manual,First Owner,16.0 kmpl,2179 CC,140 bhp,7.0
301,2013,56000,Diesel,Dealer,Automatic,First Owner,11.2 kmpl,2993 CC,241 bhp,4.0
302,2015,75000,Diesel,Dealer,Manual,First Owner,19.87 kmpl,1461 CC,83.8 bhp,5.0
303,2009,80000,Petrol,Individual,Manual,First Owner,16.1 kmpl,796 CC,37 bhp,4.0
304,2017,70000,Diesel,Individual,Manual,Second Owner,15.96 kmpl,2523 CC,62.1 bhp,7.0
305,2016,35000,Diesel,Individual,Manual,First Owner,20.45 kmpl,1461 CC,83.8 bhp,5.0
306,2019,14000,Diesel,Individual,Manual,First Owner,16.5 kmpl,1493 CC,70 bhp,7.0
307,2004,70000,Petrol,Individual,Manual,Second Owner,18.9 kmpl,998 CC,67.1 bhp,5.0
308,2014,90000,Diesel,Individual,Manual,First Owner,23.4 kmpl,1248 CC,74 bhp,5.0
309,2015,40000,Petrol,Individual,Manual,First Owner,20.51 kmpl,998 CC,67.04 bhp,5.0
310,2016,29000,Petrol,Individual,Manual,First Owner,18.6 kmpl,1197 CC,81.83 bhp,5.0
311,2014,65204,Petrol,Trustmark Dealer,Automatic,First Owner,23.1 kmpl,998 CC,67.04 bhp,5.0
312,2019,20000,Petrol,Individual,Automatic,First Owner,17.4 kmpl,1497 CC,117.6 bhp,5.0
313,2012,60000,Petrol,Individual,Manual,First Owner,19.4 kmpl,1198 CC,86.8 bhp,5.0
314,2015,20000,Petrol,Individual,Manual,Second Owner,15.8 kmpl,1499 CC,110 bhp,5.0
315,2013,50000,Petrol,Individual,Manual,Second Owner,21.1 kmpl,814 CC,55.2 bhp,5.0
316,2012,80000,Diesel,Individual,Manual,Fourth & Above Owner,19.09 kmpl,1396 CC,69 bhp,5.0
317,2018,70000,Diesel,Individual,Manual,First Owner,20.65 kmpl,1248 CC,88.7 bhp,5.0
318,2015,50000,Diesel,Individual,Manual,First Owner,26.59 kmpl,1248 CC,74 bhp,5.0
319,2017,70000,Diesel,Individual,Manual,Second Owner,24.4 kmpl,1120 CC,71 bhp,5.0
320,2017,42000,Petrol,Individual,Manual,First Owner,23.84 kmpl,1199 CC,84 bhp,5.0
321,2016,40000,Petrol,Dealer,Automatic,First Owner,14.8 kmpl,1591 CC,121.3 bhp,5.0
322,2016,20000,Petrol,Individual,Manual,First Owner,20.4 kmpl,1197 CC,81.80 bhp,5.0
323,2008,40000,Petrol,Individual,Manual,Fourth & Above Owner,12.85 kmpl,1396 CC,99.6 bhp,5.0
324,2016,63000,Diesel,Dealer,Manual,First Owner,15.3 kmpl,2956 CC,83.8 bhp,9.0
325,2011,120000,Diesel,Individual,Manual,Second Owner,14.0 kmpl,2523 CC,75 bhp,8.0
326,2016,99000,Diesel,Dealer,Automatic,First Owner,21.66 kmpl,1498 CC,103.52 bhp,5.0
327,2015,248000,Diesel,Individual,Manual,First Owner,24.8 kmpl,1396 CC,88.7 bhp,5.0
328,2017,45000,Diesel,Individual,Manual,First Owner,23.0 kmpl,1498 CC,98.96 bhp,5.0
329,2015,40000,Diesel,Individual,Manual,First Owner,24.52 kmpl,1248 CC,88.5 bhp,7.0
330,1999,60000,Petrol,Individual,Manual,Fourth & Above Owner,17.3 kmpl,993 CC,60 bhp,5.0
331,2019,5621,Petrol,Trustmark Dealer,Automatic,First Owner,22.0 kmpl,1197 CC,81.80 bhp,5.0
332,2011,50000,Petrol,Individual,Manual,Third Owner,20.92 kmpl,998 CC,67.1 bhp,5.0
333,2008,40000,Diesel,Individual,Manual,First Owner,16.8 kmpl,1405 CC,62 bhp,5.0
334,2007,60000,Petrol,Individual,Manual,Third Owner,14.7 kmpl,1150 CC,76 bhp,5.0
335,2015,70000,Diesel,Individual,Manual,Second Owner,27.39 kmpl,1248 CC,74 bhp,5.0
336,2015,35000,Petrol,Individual,Manual,First Owner,18.6 kmpl,1197 CC,81.83 bhp,5.0
337,2013,25000,Diesel,Individual,Automatic,First Owner,14.84 kmpl,2143 CC,170 bhp,5.0
338,2007,110000,Petrol,Individual,Manual,Second Owner,19.7 kmpl,796 CC,46.3 bhp,5.0
339,2011,97343,Diesel,Dealer,Manual,First Owner,18.8 kmpl,1248 CC,90 bhp,5.0
340,2011,80000,Diesel,Individual,Manual,Third Owner,15.1 kmpl,2179 CC,140 bhp,7.0
341,2012,70000,Diesel,Individual,Manual,First Owner,23.2 kmpl,1248 CC,73.94 bhp,5.0
342,2012,27000,Petrol,Individual,Manual,First Owner,20.36 kmpl,1197 CC,78.9 bhp,5.0
343,2016,32000,Petrol,Individual,Manual,First Owner,20.4 kmpl,1197 CC,81.80 bhp,5.0
344,2011,80000,Diesel,Individual,Manual,Second Owner,13.5 kmpl,2179 CC,115 bhp,5.0
345,2012,86000,Diesel,Individual,Manual,First Owner,21.12 kmpl,1248 CC,88.8 bhp,5.0
346,2018,25000,Petrol,Individual,Manual,First Owner,20.3 kmpl,1086 CC,68 bhp,5.0
347,2006,100000,Petrol,Individual,Manual,Second Owner,14.0 kmpl,1061 CC,64 bhp,5.0
348,2014,29340,Diesel,Individual,Manual,First Owner,22.32 kmpl,1582 CC,126.32 bhp,5.0
349,2015,50000,Petrol,Individual,Manual,Second Owner,22.74 kmpl,796 CC,47.3 bhp,5.0
350,2017,45000,Diesel,Individual,Manual,First Owner,17.6 kmpl,2179 CC,153.86 bhp,7.0
351,2017,47747,Diesel,Dealer,Manual,First Owner,28.09 kmpl,1248 CC,88.5 bhp,5.0
352,2019,15000,Diesel,Individual,Manual,First Owner,22.95 kmpl,1248 CC,74 bhp,5.0
353,2009,170000,Diesel,Individual,Manual,Second Owner,13.6 kmpl,2523 CC,63 bhp,7.0
354,2011,100000,Diesel,Individual,Manual,Second Owner,13.6 kmpl,2523 CC,63 bhp,7.0
355,2009,90000,Diesel,Individual,Manual,Second Owner,18.1 kmpl,1493 CC,110 bhp,5.0
356,2013,120000,Petrol,Individual,Manual,First Owner,15.64 kmpl,1193 CC,64.1 bhp,5.0
357,2014,76000,Diesel,Dealer,Manual,First Owner,22.54 kmpl,1396 CC,88.73 bhp,5.0
358,2017,33019,Diesel,Dealer,Manual,First Owner,13.68 kmpl,2393 CC,147.8 bhp,7.0
359,2015,110000,Diesel,Individual,Manual,Second Owner,18.49 kmpl,1493 CC,100 bhp,7.0
360,2017,3564,Petrol,Individual,Manual,First Owner,23.95 kmpl,998 CC,67.05 bhp,5.0
361,2016,49900,Petrol,Dealer,Manual,First Owner,16.3 kmpl,1797 CC,147.5 bhp,5.0
362,2011,120000,Diesel,Individual,Manual,Second Owner,10.5 kmpl,2835 CC,116.9 bhp,6.0
363,2019,7000,Petrol,Individual,Manual,First Owner,21.63 kmpl,998 CC,67 bhp,5.0
364,2017,23000,Diesel,Dealer,Automatic,First Owner,17.9 kmpl,2143 CC,136 bhp,5.0
365,2016,70000,Petrol,Individual,Manual,Second Owner,19.44 kmpl,1198 CC,67 bhp,7.0
366,2016,66693,Petrol,Dealer,Manual,First Owner,25.17 kmpl,799 CC,53.3 bhp,5.0
367,2018,20000,Petrol,Individual,Manual,First Owner,24.7 kmpl,796 CC,47.3 bhp,5.0
368,2012,120000,Diesel,Individual,Manual,First Owner,15.96 kmpl,2523 CC,62.1 bhp,7.0
369,2018,38817,Diesel,Dealer,Manual,First Owner,27.39 kmpl,1248 CC,74 bhp,5.0
370,2012,120000,LPG,Individual,Manual,First Owner,21.1 km/kg,814 CC,55.2 bhp,5.0
371,2006,120000,Diesel,Individual,Manual,Third Owner,10.5 kmpl,2179 CC,120 bhp,8.0
372,2011,110000,Petrol,Individual,Manual,First Owner,17.6 kmpl,1496 CC,88.73 bhp,5.0
373,2018,15000,Petrol,Individual,Manual,First Owner,21.1 kmpl,998 CC,100.5 bhp,5.0
374,2015,136000,Diesel,Individual,Manual,First Owner,19.01 kmpl,1461 CC,108.45 bhp,5.0
375,2011,103000,Diesel,Individual,Manual,Third Owner,20.0 kmpl,1399 CC,68 bhp,5.0
376,2015,26000,Petrol,Individual,Manual,First Owner,20.73 kmpl,1373 CC,91.1 bhp,5.0
377,2014,72000,Diesel,Dealer,Manual,First Owner,26.0 kmpl,1498 CC,98.6 bhp,5.0
378,2018,7800,Petrol,Individual,Manual,First Owner,20.3 kmpl,1086 CC,68 bhp,5.0
379,2016,22000,Petrol,Individual,Manual,First Owner,17.8 kmpl,1497 CC,117.3 bhp,5.0
380,2017,40000,Diesel,Individual,Manual,First Owner,22.54 kmpl,1396 CC,88.73 bhp,5.0
381,2000,56194,Petrol,Individual,Manual,Fourth & Above Owner,16.1 kmpl,796 CC,37 bhp,4.0
382,2009,54000,Petrol,Individual,Manual,First Owner,19.7 kmpl,796 CC,46.3 bhp,5.0
383,2015,101500,Diesel,Individual,Manual,Second Owner,21.14 kmpl,1498 CC,103.52 bhp,5.0
384,2018,2000,Diesel,Dealer,Automatic,First Owner,16.8 kmpl,1984 CC,150 bhp,5.0
385,2015,55000,Diesel,Dealer,Manual,First Owner,24.4 kmpl,1120 CC,71 bhp,5.0
386,2019,20000,Petrol,Dealer,Automatic,First Owner,22.37 kmpl,2487 CC,214.56 bhp,5.0
387,2015,110000,Diesel,Individual,Manual,First Owner,16.0 kmpl,2179 CC,140 bhp,7.0
388,2011,110000,Diesel,Individual,Manual,Second Owner,12.05 kmpl,2179 CC,120 bhp,8.0
389,2017,52236,Diesel,Dealer,Manual,First Owner,15.4 kmpl,2179 CC,120 bhp,7.0
390,2015,38000,Petrol,Individual,Automatic,Second Owner,23.95 kmpl,998 CC,67.05 bhp,5.0
391,2014,126000,Diesel,Individual,Manual,First Owner,12.05 kmpl,2179 CC,120 bhp,7.0
392,2015,110000,Diesel,Individual,Manual,First Owner,14.1 kmpl,2179 CC,147.94 bhp,7.0
393,2012,100000,Diesel,Individual,Manual,Second Owner,23.4 kmpl,1248 CC,74 bhp,5.0
394,2002,120000,Diesel,Individual,Manual,First Owner,14.07 kmpl,2956 CC,83.1 bhp,7.0
395,2007,80000,Petrol,Individual,Manual,Second Owner,18.2 kmpl,1061 CC,64 bhp,5.0
396,2016,11000,Petrol,Dealer,Automatic,First Owner,14.3 kmpl,1598 CC,103.5 bhp,5.0
397,2015,60000,Petrol,Individual,Manual,First Owner,23.1 kmpl,998 CC,67.04 bhp,5.0
398,2014,70000,Diesel,Individual,Manual,First Owner,25.2 kmpl,1248 CC,74 bhp,5.0
399,2019,10000,Diesel,Individual,Automatic,First Owner,21.5 kmpl,1497 CC,108.5 bhp,5.0
400,2011,120000,Diesel,Individual,Manual,First Owner,23.03 kmpl,1396 CC,69 bhp,5.0
401,2016,50000,Diesel,Individual,Manual,First Owner,24.52 kmpl,1248 CC,88.5 bhp,7.0
402,1999,80000,Petrol,Individual,Manual,Third Owner,16.1 kmpl,796 CC,37 bhp,4.0
403,2014,43381,Petrol,Dealer,Manual,Second Owner,22.74 kmpl,796 CC,47.3 bhp,5.0
404,2016,40000,Diesel,Individual,Manual,First Owner,24.8 kmpl,1396 CC,88.7 bhp,5.0
405,2010,50000,Petrol,Individual,Manual,Third Owner,26.0 kmpl,624 CC,35 bhp,4.0
406,2019,3500,Petrol,Dealer,Automatic,First Owner,18.15 kmpl,998 CC,118.35 bhp,5.0
407,2010,30000,Petrol,Individual,Manual,First Owner,15.6 kmpl,1196 CC,70 bhp,5.0
408,2008,152500,Diesel,Individual,Manual,First Owner,17.8 kmpl,1248 CC,75 bhp,5.0
409,2018,9500,Diesel,Individual,Manual,First Owner,21.5 kmpl,1497 CC,108.5 bhp,5.0
410,2005,49455,Petrol,Individual,Manual,First Owner,19.7 kmpl,796 CC,46.3 bhp,5.0
411,2010,90000,Diesel,Individual,Manual,Second Owner,23.0 kmpl,1396 CC,90 bhp,5.0
412,2016,100000,Petrol,Individual,Manual,Third Owner,15.37 kmpl,1196 CC,73 bhp,7.0
413,2003,80000,Petrol,Individual,Manual,Third Owner,14.2 kmpl,1597 CC,92 bhp,5.0
414,2012,90000,Diesel,Individual,Manual,Third Owner,19.4 kmpl,1405 CC,70 bhp,5.0
415,2019,16500,Petrol,Dealer,Manual,First Owner,17.0 kmpl,1197 CC,110 bhp,5.0
416,2014,120000,Diesel,Individual,Manual,Second Owner,23.4 kmpl,1248 CC,74 bhp,5.0
417,2014,65000,Diesel,Individual,Manual,Second Owner,15.96 kmpl,2523 CC,62.1 bhp,7.0
418,2017,25000,Diesel,Individual,Manual,First Owner,24.3 kmpl,1248 CC,88.5 bhp,5.0
419,2010,155000,Petrol,Individual,Manual,Second Owner,15.5 kmpl,1586 CC,103.3 bhp,5.0
420,2012,129627,Diesel,Dealer,Manual,First Owner,11.5 kmpl,2982 CC,171 bhp,7.0
421,2012,120000,Diesel,Individual,Manual,Second Owner,20.54 kmpl,1598 CC,103.6 bhp,5.0
422,2012,54000,Diesel,Individual,Manual,First Owner,20.0 kmpl,1399 CC,68 bhp,5.0
423,2005,100000,Petrol,Individual,Manual,Fourth & Above Owner,19.7 kmpl,796 CC,46.3 bhp,5.0
424,2014,120000,Diesel,Individual,Manual,First Owner,22.3 kmpl,1248 CC,74 bhp,5.0
425,2007,120000,Diesel,Individual,Manual,Third Owner,17.2 kmpl,1396 CC,53.5 bhp,5.0
426,2015,173000,Diesel,Individual,Manual,First Owner,16.0 kmpl,2179 CC,140 bhp,7.0
427,2011,80000,Diesel,Individual,Manual,Second Owner,12.05 kmpl,2179 CC,120 bhp,9.0
428,2013,57000,Petrol,Individual,Manual,Second Owner,20.51 kmpl,998 CC,67.04 bhp,5.0
429,2015,40000,Petrol,Individual,Manual,First Owner,20.51 kmpl,998 CC,67.04 bhp,5.0
430,2019,60000,Petrol,Individual,Manual,First Owner,20.14 kmpl,1197 CC,81.86 bhp,5.0
431,2016,56494,Petrol,Trustmark Dealer,Manual,First Owner,18.2 kmpl,1199 CC,88.7 bhp,5.0
432,2017,42000,Petrol,Individual,Manual,First Owner,23.84 kmpl,1199 CC,84 bhp,5.0
433,2006,42500,Petrol,Individual,Manual,First Owner,19.7 kmpl,796 CC,46.3 bhp,5.0
434,2017,46000,Petrol,Individual,Manual,First Owner,21.4 kmpl,1197 CC,83.1 bhp,5.0
435,2014,60000,Petrol,Individual,Manual,Second Owner,19.4 kmpl,1198 CC,86.8 bhp,5.0
436,2011,100000,Diesel,Individual,Manual,First Owner,18.3 kmpl,1991 CC,147.9 bhp,5.0
437,2013,75010,Diesel,Dealer,Automatic,First Owner,13.73 kmpl,1995 CC,148 bhp,5.0
438,2013,110000,Diesel,Individual,Manual,Second Owner,13.7 kmpl,2179 CC,138.1 bhp,7.0
439,2017,60000,Diesel,Individual,Manual,First Owner,21.38 kmpl,1396 CC,88.7 bhp,5.0
440,2019,20000,Diesel,Individual,Automatic,First Owner,18.0 kmpl,1969 CC,190 bhp,5.0
441,2011,120000,Diesel,Individual,Manual,Fourth & Above Owner,13.6 kmpl,2523 CC,63 bhp,7.0
442,2020,5000,Petrol,Individual,Manual,First Owner,22.05 kmpl,796 CC,47.3 bhp,5.0
443,2012,80000,Petrol,Individual,Manual,Second Owner,21.1 kmpl,814 CC,55.2 bhp,5.0
444,2008,100000,Petrol,Individual,Manual,Third Owner,17.3 kmpl,1061 CC,64 bhp,5.0
445,2013,35000,Diesel,Individual,Automatic,Second Owner,17.68 kmpl,1968 CC,174.33 bhp,5.0
446,2016,54000,Diesel,Individual,Manual,Second Owner,24.52 kmpl,1248 CC,88.5 bhp,7.0
447,2017,120000,Diesel,Individual,Manual,First Owner,18.49 kmpl,1493 CC,100 bhp,7.0
448,2010,35000,Petrol,Individual,Automatic,Second Owner,10.93 kmpl,2497 CC,204 bhp,5.0
449,2017,8000,Petrol,Individual,Manual,First Owner,21.1 kmpl,814 CC,55.2 bhp,5.0
450,2016,80000,Diesel,Individual,Manual,First Owner,26.0 kmpl,1498 CC,98.6 bhp,5.0
451,2019,15000,Petrol,Individual,Manual,First Owner,17.0 kmpl,1591 CC,121.3 bhp,5.0
452,2011,70000,Petrol,Individual,Manual,First Owner,16.36 kmpl,1495 CC,93.7 bhp,5.0
453,2012,116000,Petrol,Individual,Manual,First Owner,15.0 kmpl,1598 CC,103.5 bhp,5.0
454,2014,40000,Petrol,Individual,Manual,First Owner,19.0 kmpl,998 CC,66.1 bhp,5.0
455,2012,120000,Diesel,Individual,Manual,Third Owner,19.09 kmpl,1396 CC,69 bhp,5.0
456,2017,41000,Diesel,Dealer,Manual,First Owner,20.5 kmpl,1582 CC,126.2 bhp,5.0
457,2016,49900,Petrol,Dealer,Manual,First Owner,16.3 kmpl,1797 CC,147.5 bhp,5.0
458,2015,80000,Diesel,Individual,Manual,First Owner,26.59 kmpl,1248 CC,74 bhp,5.0
459,2019,10000,Petrol,Individual,Manual,First Owner,19.0 kmpl,1194 CC,94.68 bhp,5.0
460,2017,32331,Diesel,Individual,Manual,Second Owner,22.54 kmpl,1396 CC,88.73 bhp,5.0
461,2013,79328,Diesel,Trustmark Dealer,Manual,Second Owner,12.99 kmpl,2494 CC,100.6 bhp,7.0
462,2014,26000,Petrol,Individual,Automatic,First Owner,19.34 kmpl,1198 CC,76 bhp,5.0
463,2017,60000,Diesel,Individual,Manual,Second Owner,16.55 kmpl,2498 CC,105 bhp,6.0
464,2019,7500,Petrol,Individual,Automatic,First Owner,21.21 kmpl,1197 CC,81.80 bhp,5.0
465,2015,170000,Diesel,Individual,Manual,First Owner,12.99 kmpl,2494 CC,100.6 bhp,7.0
466,2014,100000,Petrol,Individual,Manual,First Owner,19.81 kmpl,1086 CC,68.05 bhp,5.0
467,2015,50000,Diesel,Individual,Manual,First Owner,12.99 kmpl,2494 CC,100.6 bhp,8.0
468,2015,126000,Diesel,Individual,Manual,First Owner,21.19 kmpl,1396 CC,88.73 bhp,5.0
469,2009,214000,Petrol,Individual,Manual,Second Owner,13.9 kmpl,1599 CC,103.2 bhp,5.0
470,2014,110000,Diesel,Individual,Manual,Second Owner,26.0 kmpl,1498 CC,98.6 bhp,5.0
472,2009,70000,Petrol,Individual,Manual,Third Owner,19.7 kmpl,796 CC,46.3 bhp,5.0
473,2018,35000,Petrol,Individual,Manual,First Owner,20.3 kmpl,1199 CC,84 bhp,5.0
474,2018,5000,Petrol,Individual,Manual,First Owner,22.0 kmpl,1197 CC,81.80 bhp,5.0
475,2005,140000,Petrol,Individual,Manual,Second Owner,18.9 kmpl,998 CC,67.1 bhp,5.0
476,2003,120000,Diesel,Individual,Manual,Second Owner,10.5 kmpl,2179 CC,120 bhp,7.0
477,2017,55000,Petrol,Individual,Manual,First Owner,20.85 kmpl,1197 CC,83.14 bhp,5.0
478,2009,105000,Petrol,Individual,Automatic,Second Owner,12.9 kmpl,1799 CC,130 bhp,5.0
479,2016,20000,Petrol,Individual,Manual,First Owner,20.4 kmpl,1197 CC,81.80 bhp,5.0
480,2012,120000,Diesel,Individual,Manual,Second Owner,19.0 kmpl,1405 CC,71 bhp,5.0
481,2013,44500,Diesel,Individual,Manual,Second Owner,20.46 kmpl,1461 CC,83.8 bhp,5.0
482,2017,32000,Diesel,Dealer,Manual,First Owner,24.3 kmpl,1248 CC,88.5 bhp,5.0
483,2015,110000,Diesel,Individual,Manual,First Owner,21.64 kmpl,1461 CC,84.8 bhp,5.0
484,2017,20000,Diesel,Individual,Manual,First Owner,14.1 kmpl,2179 CC,147.94 bhp,7.0
485,2018,17000,Diesel,Individual,Manual,First Owner,23.0 kmpl,1498 CC,98.96 bhp,5.0
486,2016,49600,Diesel,Individual,Manual,Second Owner,25.32 kmpl,1198 CC,77 bhp,6.0
487,2016,13500,Petrol,Individual,Manual,First Owner,18.9 kmpl,1197 CC,82 bhp,5.0
488,2016,46000,Diesel,Dealer,Automatic,First Owner,18.25 kmpl,1968 CC,187.74 bhp,5.0
489,2011,90000,Diesel,Individual,Manual,Second Owner,20.0 kmpl,1399 CC,68 bhp,5.0
490,2014,139000,Diesel,Individual,Automatic,First Owner,11.79 kmpl,2179 CC,120 bhp,8.0
491,2017,77524,Diesel,Dealer,Manual,First Owner,22.7 kmpl,1498 CC,89.84 bhp,5.0
492,2013,37500,Diesel,Individual,Manual,Second Owner,20.77 kmpl,1248 CC,88.8 bhp,7.0
493,2015,40000,Petrol,Dealer,Manual,First Owner,18.9 kmpl,1197 CC,82 bhp,5.0
494,2013,120000,Diesel,Individual,Manual,First Owner,21.64 kmpl,1461 CC,84.8 bhp,5.0
495,2018,22000,Diesel,Individual,Manual,First Owner,21.03 kmpl,1461 CC,65 bhp,5.0
496,2010,70000,Petrol,Individual,Manual,Third Owner,14.7 kmpl,1150 CC,76 bhp,5.0
497,2016,60000,Petrol,Individual,Manual,Second Owner,20.85 kmpl,1197 CC,83.14 bhp,5.0
498,2014,78000,Diesel,Dealer,Manual,Second Owner,15.05 kmpl,2179 CC,147.9 bhp,7.0
499,2012,31000,Petrol,Individual,Manual,First Owner,18.9 kmpl,998 CC,67.1 bhp,5.0
500,2015,72000,Diesel,Individual,Manual,First Owner,22.54 kmpl,1396 CC,88.73 bhp,5.0
501,2017,90000,Petrol,Individual,Manual,First Owner,15.37 kmpl,1196 CC,73 bhp,5.0
502,2017,68000,Petrol,Individual,Manual,Second Owner,23.84 kmpl,1199 CC,84 bhp,5.0
503,2011,172000,Diesel,Individual,Manual,Second Owner,17.88 kmpl,1396 CC,52.8 bhp,5.0
504,2017,36000,Diesel,Dealer,Manual,First Owner,13.68 kmpl,2393 CC,147.8 bhp,8.0
505,2015,91000,Diesel,Individual,Manual,Third Owner,24.4 kmpl,1120 CC,71 bhp,5.0
506,2017,65000,Petrol,Individual,Manual,Second Owner,20.51 kmpl,998 CC,67.04 bhp,5.0
507,2013,20000,Petrol,Individual,Manual,First Owner,21.1 kmpl,814 CC,55.2 bhp,5.0
509,2017,7000,Petrol,Dealer,Automatic,Second Owner,14.53 kmpl,1794 CC,138.1 bhp,5.0
510,2013,212000,Diesel,Individual,Manual,First Owner,21.64 kmpl,1461 CC,84.8 bhp,5.0
511,2010,80000,Petrol,Individual,Manual,Fourth & Above Owner,19.7 kmpl,796 CC,46.3 bhp,5.0
512,1999,65000,Petrol,Individual,Manual,Fourth & Above Owner,15.9 kmpl,1298 CC,85 bhp,5.0
513,2016,80000,Petrol,Individual,Manual,Second Owner,18.9 kmpl,1197 CC,82 bhp,5.0
514,2012,50000,Petrol,Individual,Manual,First Owner,20.92 kmpl,998 CC,67.1 bhp,5.0
515,2019,7500,Diesel,Dealer,Automatic,First Owner,16.78 kmpl,1995 CC,190 bhp,5.0
516,2018,30000,Diesel,Individual,Manual,First Owner,25.5 kmpl,1498 CC,98.6 bhp,5.0
517,2016,80000,Diesel,Individual,Automatic,First Owner,10.91 kmpl,3198 CC,197 bhp,7.0
518,2015,60000,Petrol,Individual,Manual,First Owner,25.4 kmpl,624 CC,37.48 bhp,4.0
519,2018,60000,Petrol,Individual,Manual,First Owner,18.15 kmpl,1198 CC,82 bhp,6.0
520,2017,37000,Diesel,Dealer,Automatic,First Owner,13.5 kmpl,2987 CC,254.79 bhp,5.0
521,2018,35000,Petrol,Individual,Manual,First Owner,20.3 kmpl,1199 CC,84 bhp,5.0
522,2016,30000,Diesel,Individual,Manual,First Owner,24.0 kmpl,1120 CC,70 bhp,5.0
523,2018,44000,Diesel,Individual,Automatic,First Owner,17.01 kmpl,1582 CC,126.2 bhp,5.0
524,2011,105000,Diesel,Individual,Manual,Second Owner,21.9 kmpl,1396 CC,90 bhp,5.0
525,2016,42163,Diesel,Dealer,Automatic,Second Owner,11.36 kmpl,2755 CC,171.5 bhp,7.0
526,2007,73257,Petrol,Individual,Manual,First Owner,16.1 kmpl,796 CC,37 bhp,4.0
527,2009,70000,Petrol,Individual,Manual,Fourth & Above Owner,19.7 kmpl,796 CC,46.3 bhp,5.0
528,2017,50000,Diesel,Individual,Manual,First Owner,27.3 kmpl,1498 CC,98.6 bhp,5.0
529,2017,40000,Petrol,Individual,Automatic,First Owner,19.0 kmpl,1199 CC,88.7 bhp,5.0
530,2016,65000,Petrol,Individual,Manual,Second Owner,22.74 kmpl,796 CC,47.3 bhp,5.0
531,2016,120000,Diesel,Individual,Manual,Third Owner,26.59 kmpl,1248 CC,74 bhp,5.0
532,2016,53000,Diesel,Dealer,Manual,First Owner,22.54 kmpl,1396 CC,88.73 bhp,5.0
533,2016,56494,Petrol,Trustmark Dealer,Manual,First Owner,18.2 kmpl,1199 CC,88.7 bhp,5.0
534,2010,48000,Petrol,Individual,Manual,First Owner,15.8 kmpl,1172 CC,65 bhp,5.0
535,2013,120000,Petrol,Individual,Manual,First Owner,18.5 kmpl,1197 CC,82.85 bhp,5.0
536,2013,58343,Petrol,Trustmark Dealer,Manual,First Owner,21.79 kmpl,998 CC,67.05 bhp,5.0
537,2008,80000,LPG,Individual,Manual,Second Owner,17.3 km/kg,1061 CC,57.5 bhp,5.0
538,2016,56494,Petrol,Trustmark Dealer,Manual,First Owner,18.2 kmpl,1199 CC,88.7 bhp,5.0
539,2011,80000,Diesel,Individual,Manual,Third Owner,11.57 kmpl,2179 CC,138.1 bhp,7.0
540,2018,20000,Petrol,Individual,Automatic,First Owner,23.0 kmpl,999 CC,67 bhp,5.0
541,2013,60000,Petrol,Individual,Manual,Fourth & Above Owner,22.74 kmpl,796 CC,47.3 bhp,5.0
542,2017,40000,Petrol,Individual,Manual,First Owner,16.8 kmpl,796 CC,34.2 bhp,8.0
543,2014,121000,Petrol,Dealer,Manual,First Owner,19.1 kmpl,1197 CC,82 bhp,5.0
544,1998,110000,Petrol,Individual,Manual,Third Owner,13.1 kmpl,1598 CC,77 bhp,5.0
545,2014,100000,Petrol,Individual,Manual,First Owner,23.95 kmpl,998 CC,67.05 bhp,5.0
546,2013,100600,Diesel,Individual,Manual,Third Owner,20.46 kmpl,1461 CC,83.8 bhp,5.0
547,2011,90000,Diesel,Individual,Manual,Second Owner,13.55 kmpl,2179 CC,118.35 bhp,7.0
548,2013,70000,Diesel,Individual,Manual,Second Owner,21.9 kmpl,1396 CC,88.76 bhp,5.0
549,2011,100000,Petrol,Individual,Manual,Second Owner,15.37 kmpl,1196 CC,73 bhp,7.0
550,2017,30000,Petrol,Individual,Automatic,Second Owner,23.1 kmpl,998 CC,67.04 bhp,5.0
551,2013,68000,Diesel,Individual,Manual,First Owner,22.1 kmpl,1248 CC,76.9 bhp,5.0
552,2010,83585,Diesel,Dealer,Manual,First Owner,21.43 kmpl,1364 CC,87.2 bhp,5.0
553,2015,87847,Diesel,Dealer,Manual,First Owner,28.4 kmpl,1248 CC,74 bhp,5.0
554,2017,30000,Petrol,Individual,Manual,First Owner,18.6 kmpl,1197 CC,81.83 bhp,5.0
555,2019,22000,Petrol,Individual,Manual,First Owner,17.0 kmpl,1197 CC,110 bhp,5.0
556,2011,93500,Diesel,Individual,Manual,Second Owner,18.6 kmpl,1388 CC,67 bhp,5.0
557,2018,47000,Petrol,Dealer,Manual,Second Owner,16.02 kmpl,1373 CC,93.7 bhp,7.0
558,2017,50000,Diesel,Individual,Manual,First Owner,17.1 kmpl,1956 CC,170 bhp,5.0
559,2018,25000,Petrol,Individual,Manual,First Owner,18.6 kmpl,1197 CC,81.83 bhp,5.0
560,2012,58400,Diesel,Individual,Manual,Second Owner,19.3 kmpl,1248 CC,73.9 bhp,5.0
561,2017,70000,Diesel,Individual,Manual,First Owner,18.49 kmpl,1493 CC,100 bhp,7.0
562,2017,80000,Diesel,Individual,Manual,First Owner,22.54 kmpl,1396 CC,88.73 bhp,5.0
563,2019,15000,Diesel,Individual,Manual,First Owner,25.1 kmpl,1248 CC,88.5 bhp,5.0
564,2010,56000,Petrol,Individual,Manual,Third Owner,17.92 kmpl,1086 CC,62.1 bhp,5.0
565,2007,63000,Petrol,Individual,Automatic,Third Owner,18.9 kmpl,1061 CC,67 bhp,5.0
566,2011,65000,Petrol,Individual,Automatic,Third Owner,12.6 kmpl,1586 CC,103.3 bhp,5.0
567,2016,50000,Diesel,Individual,Manual,First Owner,18.49 kmpl,1493 CC,100 bhp,7.0
568,2010,60000,Petrol,Individual,Manual,First Owner,15.26 kmpl,1150 CC,74.9 bhp,5.0
569,2015,160000,Diesel,Individual,Manual,Second Owner,13.5 kmpl,2477 CC,178 bhp,7.0
570,2018,25000,Petrol,Individual,Manual,First Owner,23.84 kmpl,1199 CC,84 bhp,5.0
571,2018,5500,Petrol,Individual,Manual,First Owner,17.4 kmpl,1497 CC,117.6 bhp,5.0
572,2015,39000,Petrol,Dealer,Manual,First Owner,17.4 kmpl,1497 CC,117.3 bhp,5.0
573,2009,140000,Diesel,Individual,Manual,Second Owner,13.8 kmpl,1399 CC,68 bhp,5.0
575,2017,26000,Petrol,Individual,Automatic,First Owner,19.34 kmpl,1198 CC,76 bhp,5.0
576,2008,120000,Diesel,Individual,Manual,Fourth & Above Owner,12.7 kmpl,2609 CC,120 bhp,8.0
577,2007,260000,Diesel,Individual,Manual,Third Owner,12.8 kmpl,2494 CC,102 bhp,7.0
579,2012,125000,Diesel,Individual,Manual,Second Owner,21.43 kmpl,1364 CC,87.2 bhp,5.0
580,2011,140000,Petrol,Individual,Automatic,Second Owner,14.4 kmpl,1598 CC,103.6 bhp,5.0
581,2018,2000,Diesel,Dealer,Automatic,First Owner,16.8 kmpl,1984 CC,150 bhp,5.0
582,2015,35000,Petrol,Individual,Manual,First Owner,18.6 kmpl,1197 CC,81.83 bhp,5.0
583,2008,95200,Petrol,Individual,Manual,Third Owner,13.2 kmpl,1495 CC,94 bhp,5.0
584,2017,80000,Diesel,Individual,Manual,First Owner,16.5 kmpl,1493 CC,70 bhp,7.0
585,2018,2000,Diesel,Dealer,Automatic,First Owner,16.8 kmpl,1984 CC,150 bhp,5.0
586,2011,119000,Diesel,Individual,Manual,Second Owner,16.52 kmpl,1991 CC,123.7 bhp,5.0
587,2016,110000,Petrol,Individual,Manual,First Owner,21.1 kmpl,814 CC,55.2 bhp,5.0
588,2014,25000,Petrol,Individual,Manual,First Owner,21.1 kmpl,814 CC,55.2 bhp,5.0
589,2016,11000,Petrol,Dealer,Automatic,First Owner,14.3 kmpl,1598 CC,103.5 bhp,5.0
590,2015,61000,Diesel,Dealer,Manual,Second Owner,22.71 kmpl,1461 CC,84.8 bhp,5.0
591,2012,70000,Diesel,Individual,Manual,Second Owner,23.2 kmpl,1248 CC,73.94 bhp,5.0
592,2014,25000,Diesel,Individual,Manual,First Owner,15.4 kmpl,2179 CC,120 bhp,9.0
593,2015,50000,Petrol,Individual,Manual,Second Owner,20.51 kmpl,998 CC,67.04 bhp,5.0
594,2003,36088,Petrol,Individual,Manual,First Owner,16.1 kmpl,796 CC,37 bhp,4.0
595,2013,110000,Diesel,Individual,Manual,Second Owner,21.27 kmpl,1396 CC,88.76 bhp,5.0
596,2018,38817,Diesel,Dealer,Manual,First Owner,27.39 kmpl,1248 CC,74 bhp,5.0
597,2018,2000,Diesel,Dealer,Automatic,First Owner,16.8 kmpl,1984 CC,150 bhp,5.0
598,2015,135000,Diesel,Individual,Manual,First Owner,22.77 kmpl,1498 CC,98.59 bhp,5.0
599,2017,113000,Diesel,Individual,Manual,First Owner,25.83 kmpl,1498 CC,99 bhp,5.0
600,2019,8500,Diesel,Dealer,Automatic,First Owner,16.78 kmpl,1995 CC,190 bhp,5.0
601,2012,120000,Petrol,Individual,Manual,First Owner,18.5 kmpl,1197 CC,82.85 bhp,5.0
602,2013,120000,Diesel,Individual,Manual,Fourth & Above Owner,22.9 kmpl,1248 CC,74 bhp,5.0
603,2012,70000,Diesel,Individual,Manual,Second Owner,25.44 kmpl,936 CC,57.6 bhp,5.0
604,2013,40000,Petrol,Individual,Manual,First Owner,21.1 kmpl,814 CC,55.2 bhp,5.0
605,2015,60000,Diesel,Individual,Manual,First Owner,13.93 kmpl,2179 CC,138.03 bhp,7.0
606,2019,7032,Petrol,Trustmark Dealer,Automatic,First Owner,19.0 kmpl,1199 CC,88.76 bhp,5.0
607,2014,90000,Diesel,Individual,Manual,First Owner,25.0 kmpl,1396 CC,69 bhp,5.0
608,2008,120000,Diesel,Individual,Manual,Third Owner,14.8 kmpl,1998 CC,68 bhp,5.0
609,2018,7000,Petrol,Individual,Manual,First Owner,22.5 kmpl,999 CC,67 bhp,5.0
610,2016,120000,Petrol,Individual,Manual,Second Owner,17.19 kmpl,1197 CC,81.86 bhp,5.0
611,2016,120000,Diesel,Individual,Automatic,First Owner,11.36 kmpl,2755 CC,171.5 bhp,7.0
612,2007,38000,Petrol,Individual,Manual,Second Owner,15.3 kmpl,1193 CC,65.3 bhp,5.0
613,2003,120000,Diesel,Individual,Manual,Third Owner,12.7 kmpl,2609 CC,116.6 bhp,8.0
614,2013,18000,Diesel,Individual,Manual,First Owner,15.1 kmpl,2179 CC,140 bhp,7.0
615,2018,13887,Petrol,Individual,Manual,First Owner,17.0 kmpl,1591 CC,121.3 bhp,5.0
616,2017,28000,Petrol,Individual,Manual,First Owner,25.17 kmpl,799 CC,53.3 bhp,5.0
617,2016,40000,Petrol,Individual,Manual,First Owner,16.8 kmpl,796 CC,34.2 bhp,5.0
618,2014,20000,Petrol,Individual,Manual,First Owner,21.1 kmpl,814 CC,55.2 bhp,5.0
619,2018,30000,Petrol,Individual,Manual,First Owner,24.7 kmpl,796 CC,47.3 bhp,5.0
620,2018,30000,Petrol,Individual,Manual,First Owner,21.4 kmpl,1197 CC,83.1 bhp,5.0
621,2014,38000,Diesel,Individual,Manual,First Owner,22.1 kmpl,1248 CC,74 bhp,5.0
622,2004,60000,Diesel,Individual,Manual,Third Owner,16.1 kmpl,1405 CC,70 bhp,5.0
623,2013,40000,Petrol,Individual,Manual,Second Owner,21.1 kmpl,814 CC,55.2 bhp,5.0
624,2016,35000,Petrol,Individual,Manual,First Owner,17.0 kmpl,1198 CC,73.75 bhp,5.0
625,2010,90000,Diesel,Individual,Manual,First Owner,14.0 kmpl,1948 CC,90 bhp,9.0
626,2006,40000,Petrol,Individual,Manual,Third Owner,16.1 kmpl,796 CC,37 bhp,4.0
627,2015,60000,Diesel,Individual,Manual,First Owner,22.54 kmpl,1396 CC,88.73 bhp,5.0
628,2018,59000,Diesel,Individual,Manual,First Owner,24.2 kmpl,1498 CC,93.87 bhp,7.0
629,2016,60000,Petrol,Individual,Manual,First Owner,25.17 kmpl,799 CC,53.3 bhp,5.0
630,2018,15000,Petrol,Individual,Manual,First Owner,21.21 kmpl,1197 CC,81.80 bhp,5.0
631,2016,110000,Diesel,Individual,Manual,Second Owner,18.2 kmpl,1248 CC,73.74 bhp,7.0
632,2010,55000,Petrol,Individual,Manual,First Owner,19.0 kmpl,998 CC,67.1 bhp,5.0
633,2015,80000,Petrol,Individual,Manual,First Owner,19.49 kmpl,1198 CC,67.04 bhp,5.0
634,2010,120000,Diesel,Individual,Manual,Second Owner,11.8 kmpl,1991 CC,150 bhp,5.0
635,2017,25538,Petrol,Trustmark Dealer,Manual,First Owner,16.78 kmpl,1496 CC,88.73 bhp,5.0
636,2018,50000,Diesel,Individual,Manual,First Owner,23.5 kmpl,909 CC,45 bhp,8.0
637,2016,80000,Diesel,Individual,Manual,First Owner,23.9 kmpl,1582 CC,126.2 bhp,5.0
638,2016,68089,Petrol,Trustmark Dealer,Automatic,First Owner,19.16 kmpl,2494 CC,157.7 bhp,5.0
639,2006,140000,Diesel,Individual,Manual,Second Owner,12.8 kmpl,2494 CC,102 bhp,8.0
640,2013,68697,Petrol,Individual,Manual,Third Owner,21.1 kmpl,814 CC,55.2 bhp,5.0
641,2011,116500,Diesel,Individual,Manual,First Owner,23.0 kmpl,1396 CC,90 bhp,5.0
642,2012,40000,Petrol,Individual,Manual,First Owner,18.5 kmpl,1197 CC,85.80 bhp,5.0
643,2015,160000,Diesel,Individual,Manual,Second Owner,13.5 kmpl,2477 CC,178 bhp,7.0
644,2016,68089,Petrol,Trustmark Dealer,Automatic,First Owner,19.16 kmpl,2494 CC,157.7 bhp,5.0
645,2017,51000,Petrol,Dealer,Automatic,First Owner,19.56 kmpl,1197 CC,81.80 bhp,5.0
646,2010,170000,Diesel,Individual,Manual,Second Owner,17.8 kmpl,1399 CC,68 bhp,5.0
647,2011,25000,Petrol,Individual,Manual,Second Owner,26.0 kmpl,624 CC,35 bhp,4.0
648,2018,28451,Petrol,Dealer,Manual,First Owner,18.6 kmpl,1197 CC,81.83 bhp,5.0
649,2017,60000,CNG,Individual,Manual,First Owner,21.94 km/kg,1196 CC,61.7 bhp,5.0
650,2014,60000,Diesel,Individual,Manual,Second Owner,12.99 kmpl,2494 CC,100.6 bhp,7.0
651,2018,64000,Petrol,Dealer,Manual,First Owner,20.65 kmpl,1462 CC,103.25 bhp,5.0
652,2016,56494,Petrol,Trustmark Dealer,Manual,First Owner,18.2 kmpl,1199 CC,88.7 bhp,5.0
653,2017,32000,Diesel,Individual,Manual,First Owner,16.3 kmpl,1956 CC,170 bhp,5.0
654,2018,100000,Diesel,Dealer,Automatic,First Owner,12.9 kmpl,2755 CC,174.5 bhp,7.0
655,2018,69779,Petrol,Dealer,Automatic,First Owner,22.0 kmpl,1197 CC,81.80 bhp,5.0
656,2016,16151,Petrol,Dealer,Manual,First Owner,17.8 kmpl,1497 CC,117.3 bhp,5.0
657,2007,74800,Petrol,Individual,Manual,Second Owner,18.2 kmpl,998 CC,67.1 bhp,5.0
658,2016,11000,Petrol,Dealer,Automatic,First Owner,14.3 kmpl,1598 CC,103.5 bhp,5.0
659,2018,65000,Diesel,Individual,Manual,First Owner,23.0 kmpl,1498 CC,98.96 bhp,5.0
660,2009,180000,Diesel,Individual,Manual,First Owner,13.6 kmpl,1991 CC,142 bhp,5.0
661,2013,58343,Petrol,Trustmark Dealer,Manual,First Owner,21.79 kmpl,998 CC,67.05 bhp,5.0
662,2017,58559,Diesel,Dealer,Manual,First Owner,25.2 kmpl,1248 CC,74 bhp,5.0
663,2016,53000,Diesel,Dealer,Manual,First Owner,22.54 kmpl,1396 CC,88.73 bhp,5.0
664,2008,120000,Diesel,Individual,Manual,Second Owner,11.57 kmpl,2179 CC,138.1 bhp,7.0
665,2017,40000,Petrol,Individual,Manual,First Owner,24.7 kmpl,796 CC,47.3 bhp,5.0
666,2017,40000,Diesel,Dealer,Manual,First Owner,18.49 kmpl,1493 CC,100 bhp,7.0
667,2012,96000,Diesel,Individual,Manual,Second Owner,20.77 kmpl,1248 CC,88.8 bhp,7.0
668,2018,46000,Diesel,Individual,Manual,First Owner,28.4 kmpl,1248 CC,74 bhp,5.0
669,2017,28832,Diesel,Dealer,Manual,First Owner,23.4 kmpl,1248 CC,74 bhp,5.0
670,2018,70000,Diesel,Individual,Manual,First Owner,16.5 kmpl,1493 CC,70 bhp,7.0
671,2019,3100,Petrol,Individual,Automatic,First Owner,18.2 kmpl,1199 CC,88.7 bhp,5.0
672,2004,46000,Petrol,Individual,Manual,Fourth & Above Owner,16.1 kmpl,796 CC,37 bhp,4.0
673,2013,68000,Diesel,Individual,Manual,Second Owner,25.44 kmpl,936 CC,57.6 bhp,5.0
674,2010,70000,LPG,Individual,Manual,Third Owner,13.45 km/kg,1086 CC,62.1 bhp,5.0
675,2017,71000,Diesel,Individual,Manual,First Owner,27.39 kmpl,1248 CC,74 bhp,5.0
676,2020,2000,Petrol,Dealer,Manual,First Owner,20.7 kmpl,1197 CC,81.86 bhp,5.0
677,2016,110000,Diesel,Individual,Manual,First Owner,23.0 kmpl,1248 CC,88.7 bhp,5.0
678,2019,40000,Diesel,Individual,Manual,First Owner,24.3 kmpl,1248 CC,88.5 bhp,5.0
679,2018,50000,Diesel,Individual,Manual,First Owner,24.3 kmpl,1248 CC,88.5 bhp,5.0
680,2009,160000,Petrol,Individual,Manual,Third Owner,17.5 kmpl,1197 CC,85.8 bhp,5.0
681,2011,221889,Diesel,Dealer,Manual,First Owner,22.32 kmpl,1582 CC,126.32 bhp,5.0
682,2017,15000,Petrol,Individual,Automatic,First Owner,17.01 kmpl,1591 CC,121.3 bhp,5.0
683,2011,116500,Diesel,Individual,Manual,First Owner,23.0 kmpl,1396 CC,90 bhp,5.0
684,2019,5000,Petrol,Individual,Manual,First Owner,20.0 kmpl,999 CC,72 bhp,7.0
685,2017,25000,Petrol,Individual,Manual,First Owner,20.14 kmpl,1197 CC,81.86 bhp,5.0
686,2016,70000,Diesel,Individual,Manual,First Owner,24.3 kmpl,1248 CC,88.5 bhp,5.0
687,2011,100000,Diesel,Individual,Manual,Second Owner,23.0 kmpl,1396 CC,90 bhp,5.0
688,2014,48000,Petrol,Individual,Manual,First Owner,23.1 kmpl,998 CC,67.04 bhp,5.0
689,2017,5000,Petrol,Individual,Manual,Second Owner,18.15 kmpl,1198 CC,82 bhp,6.0
690,2006,270000,Diesel,Individual,Manual,Third Owner,12.8 kmpl,2494 CC,102 bhp,8.0
691,2009,95000,Petrol,Individual,Manual,Second Owner,19.0 kmpl,998 CC,66.1 bhp,5.0
692,2017,60000,Diesel,Individual,Manual,First Owner,24.0 kmpl,1186 CC,73.97 bhp,5.0
693,2012,40000,Petrol,Individual,Manual,Second Owner,25.4 kmpl,624 CC,38 bhp,4.0
694,2014,70000,CNG,Individual,Manual,Second Owner,21.94 km/kg,1196 CC,61.7 bhp,5.0
695,2013,80000,Diesel,Individual,Manual,Second Owner,20.46 kmpl,1461 CC,83.8 bhp,5.0
696,2019,9000,Petrol,Dealer,Automatic,First Owner,21.63 kmpl,998 CC,67.04 bhp,5.0
697,2014,70000,Diesel,Individual,Manual,Second Owner,22.54 kmpl,1396 CC,88.73 bhp,5.0
698,2014,97000,Diesel,Individual,Manual,First Owner,26.0 kmpl,1498 CC,98.6 bhp,5.0
699,2016,100000,Diesel,Individual,Manual,First Owner,25.32 kmpl,1198 CC,77 bhp,6.0
700,2015,25000,Petrol,Individual,Manual,First Owner,15.85 kmpl,1499 CC,110.4 bhp,5.0
701,2014,95000,Diesel,Individual,Manual,Second Owner,14.02 kmpl,2179 CC,118.3 bhp,8.0
702,2018,58511,Diesel,Dealer,Manual,First Owner,24.3 kmpl,1248 CC,88.5 bhp,5.0
703,2013,40000,Petrol,Individual,Manual,First Owner,20.51 kmpl,998 CC,67.04 bhp,5.0
704,2012,110000,Diesel,Individual,Manual,Third Owner,19.01 kmpl,1461 CC,108.45 bhp,5.0
705,2016,72000,Diesel,Individual,Manual,First Owner,15.96 kmpl,2523 CC,63 bhp,9.0
706,2004,120000,Petrol,Individual,Manual,Third Owner,18.9 kmpl,998 CC,67.1 bhp,5.0
707,2016,70000,Diesel,Individual,Manual,First Owner,24.3 kmpl,1248 CC,88.5 bhp,5.0
708,2009,300000,Diesel,Individual,Manual,First Owner,14.0 kmpl,2498 CC,112 bhp,7.0
709,2015,40000,Diesel,Individual,Manual,First Owner,15.96 kmpl,2523 CC,62.1 bhp,7.0
710,2015,110000,Diesel,Individual,Manual,First Owner,14.1 kmpl,2179 CC,147.94 bhp,7.0
711,2012,90000,Diesel,Individual,Manual,First Owner,23.0 kmpl,1396 CC,90 bhp,5.0
712,2015,30000,Petrol,Individual,Manual,First Owner,20.4 kmpl,1197 CC,81.80 bhp,5.0
713,2015,80000,Diesel,Individual,Manual,Second Owner,23.9 kmpl,1582 CC,126.2 bhp,5.0
714,2010,110000,Petrol,Individual,Automatic,Third Owner,16.95 kmpl,1197 CC,78.9 bhp,5.0
715,2016,40000,Diesel,Individual,Manual,First Owner,21.19 kmpl,1396 CC,88.73 bhp,5.0
716,2014,35000,Petrol,Individual,Manual,First Owner,20.51 kmpl,998 CC,67.04 bhp,5.0
717,2012,120000,Petrol,Individual,Manual,First Owner,18.6 kmpl,1199 CC,79.4 bhp,5.0
718,2013,69000,Diesel,Dealer,Manual,First Owner,18.6 kmpl,1388 CC,67 bhp,5.0
719,2011,250000,Diesel,Individual,Manual,Second Owner,12.8 kmpl,2494 CC,102 bhp,7.0
720,2009,100000,Petrol,Individual,Manual,First Owner,19.7 kmpl,796 CC,46.3 bhp,5.0
721,2012,80000,Diesel,Individual,Manual,Fourth & Above Owner,21.5 kmpl,1248 CC,88.8 bhp,5.0
722,2011,110000,Diesel,Individual,Manual,Third Owner,23.08 kmpl,1461 CC,63.1 bhp,5.0
723,2017,13000,Petrol,Individual,Manual,First Owner,18.6 kmpl,1197 CC,81.83 bhp,5.0
724,2012,128000,Diesel,Individual,Manual,Second Owner,22.32 kmpl,1582 CC,126.32 bhp,5.0
725,2018,30000,Petrol,Individual,Manual,First Owner,24.7 kmpl,796 CC,47.3 bhp,5.0
726,2018,59736,Diesel,Dealer,Manual,First Owner,18.49 kmpl,1493 CC,100 bhp,7.0
727,2009,120000,Diesel,Individual,Manual,First Owner,18.1 kmpl,1493 CC,110 bhp,5.0
728,2020,15000,Petrol,Individual,Manual,First Owner,22.05 kmpl,796 CC,47.3 bhp,5.0
729,2015,60000,Diesel,Dealer,Manual,First Owner,25.47 kmpl,1248 CC,88.50 bhp,7.0
730,2011,90400,Diesel,Individual,Manual,First Owner,20.0 kmpl,1399 CC,68 bhp,5.0
731,2012,145000,Diesel,Individual,Manual,Second Owner,12.99 kmpl,2494 CC,100 bhp,8.0
732,2018,120000,Petrol,Individual,Manual,First Owner,18.9 kmpl,1197 CC,81.86 bhp,5.0
733,2012,74000,Diesel,Individual,Manual,Second Owner,22.07 kmpl,1199 CC,73.9 bhp,5.0
734,2011,69000,Diesel,Individual,Manual,Second Owner,20.54 kmpl,1598 CC,103.6 bhp,5.0
735,2017,45000,Diesel,Dealer,Automatic,First Owner,19.33 kmpl,1999 CC,177 bhp,5.0
736,2018,82000,Diesel,Individual,Manual,First Owner,28.09 kmpl,1248 CC,88.5 bhp,5.0
737,2016,50000,Diesel,Individual,Automatic,First Owner,17.45 kmpl,1493 CC,100 bhp,7.0
738,2018,18000,Diesel,Individual,Manual,First Owner,21.66 kmpl,1498 CC,108.62 bhp,5.0
739,2013,24019,Diesel,Individual,Manual,First Owner,22.9 kmpl,1248 CC,74 bhp,5.0
740,2012,162000,Diesel,Individual,Manual,Fourth & Above Owner,12.8 kmpl,2494 CC,102 bhp,7.0
741,2013,70000,Petrol,Individual,Manual,Second Owner,20.36 kmpl,1197 CC,78.9 bhp,5.0
743,2011,265000,Diesel,Individual,Manual,Second Owner,20.86 kmpl,1199 CC,75 bhp,5.0
744,2018,27000,Diesel,Dealer,Automatic,First Owner,17.05 kmpl,1995 CC,184 bhp,5.0
745,2011,50000,Diesel,Individual,Automatic,First Owner,17.05 kmpl,1995 CC,184 bhp,5.0
746,2015,80000,Diesel,Individual,Manual,Second Owner,19.09 kmpl,1405 CC,69.01 bhp,5.0
747,2019,10000,Petrol,Individual,Manual,First Owner,21.21 kmpl,1197 CC,81.80 bhp,5.0
748,2013,120000,Diesel,Individual,Manual,Second Owner,19.09 kmpl,1405 CC,69.01 bhp,5.0
749,2014,110000,Diesel,Individual,Manual,First Owner,23.4 kmpl,1248 CC,74 bhp,5.0
750,2012,30000,LPG,Individual,Manual,First Owner,19.2 km/kg,1086 CC,68.05 bhp,5.0
751,2018,90000,Petrol,Individual,Manual,First Owner,17.0 kmpl,1497 CC,121.36 bhp,5.0
752,2016,35000,Diesel,Individual,Manual,Second Owner,27.28 kmpl,1047 CC,69 bhp,5.0
753,2014,80000,Diesel,Individual,Manual,First Owner,19.01 kmpl,1461 CC,108.45 bhp,5.0
754,2017,76139,Diesel,Individual,Manual,First Owner,23.0 kmpl,1498 CC,98.96 bhp,5.0
755,2011,40000,Petrol,Individual,Manual,Second Owner,20.92 kmpl,998 CC,67.1 bhp,5.0
756,2013,95000,Diesel,Individual,Manual,Second Owner,12.99 kmpl,2494 CC,100.57 bhp,7.0
757,2012,80000,Diesel,Individual,Manual,Fourth & Above Owner,15.3 kmpl,2956 CC,83.8 bhp,7.0
758,2017,56290,Diesel,Dealer,Manual,First Owner,24.0 kmpl,1186 CC,73.97 bhp,5.0
759,2006,170000,Diesel,Individual,Manual,First Owner,13.6 kmpl,2523 CC,63 bhp,7.0
760,2016,15000,Petrol,Individual,Manual,First Owner,23.95 kmpl,998 CC,67.05 bhp,5.0
761,2018,29000,Petrol,Dealer,Automatic,First Owner,17.4 kmpl,1197 CC,81.86 bhp,5.0
762,2016,140000,Petrol,Individual,Manual,First Owner,15.4 kmpl,1497 CC,117.3 bhp,7.0
763,2018,15000,Diesel,Individual,Manual,First Owner,25.5 kmpl,1498 CC,98.6 bhp,5.0
764,2015,45000,Petrol,Individual,Manual,First Owner,17.19 kmpl,1197 CC,81.86 bhp,5.0
765,2011,150000,Diesel,Individual,Manual,Fourth & Above Owner,23.0 kmpl,1396 CC,90 bhp,5.0
766,2010,65000,Petrol,Individual,Manual,First Owner,15.64 kmpl,1193 CC,64.1 bhp,5.0
767,2014,80000,Diesel,Individual,Manual,Second Owner,22.54 kmpl,1396 CC,88.73 bhp,5.0
768,2015,90000,Diesel,Individual,Manual,First Owner,26.21 kmpl,1248 CC,88.5 bhp,5.0
769,2005,140000,Petrol,Individual,Manual,Second Owner,18.9 kmpl,998 CC,67.1 bhp,5.0
770,2015,50000,Diesel,Individual,Manual,First Owner,19.67 kmpl,1582 CC,126.2 bhp,5.0
771,2016,68089,Petrol,Trustmark Dealer,Automatic,First Owner,19.16 kmpl,2494 CC,157.7 bhp,5.0
772,2016,56494,Petrol,Trustmark Dealer,Manual,First Owner,18.2 kmpl,1199 CC,88.7 bhp,5.0
773,2008,80000,Diesel,Individual,Manual,Second Owner,17.2 kmpl,1396 CC,53.5 bhp,5.0
774,2011,80000,Petrol,Individual,Manual,First Owner,26.0 kmpl,624 CC,35 bhp,4.0
775,2006,110000,Diesel,Individual,Manual,Fourth & Above Owner,17.88 kmpl,1396 CC,52.8 bhp,5.0
776,2018,69779,Petrol,Dealer,Automatic,First Owner,22.0 kmpl,1197 CC,81.80 bhp,5.0
777,2019,8500,Diesel,Dealer,Automatic,First Owner,16.78 kmpl,1995 CC,190 bhp,5.0
778,2017,45000,Diesel,Dealer,Automatic,First Owner,19.33 kmpl,1999 CC,177 bhp,5.0
779,2017,45000,Diesel,Individual,Manual,First Owner,17.6 kmpl,2179 CC,153.86 bhp,7.0
780,2013,80000,Petrol,Individual,Manual,Second Owner,22.74 kmpl,796 CC,47.3 bhp,5.0
782,2013,56000,Diesel,Individual,Manual,First Owner,23.4 kmpl,1248 CC,74 bhp,5.0
783,2016,50000,Petrol,Individual,Manual,First Owner,19.44 kmpl,1198 CC,67 bhp,7.0
784,2017,20000,Diesel,Individual,Manual,First Owner,28.4 kmpl,1248 CC,74.02 bhp,5.0
785,2006,50000,Petrol,Individual,Manual,Third Owner,14.0 kmpl,1061 CC,64 bhp,5.0
786,2015,35000,Petrol,Individual,Manual,Second Owner,20.4 kmpl,1197 CC,83.11 bhp,5.0
787,2010,120000,Diesel,Individual,Manual,Second Owner,17.0 kmpl,1405 CC,71 bhp,5.0
788,2014,150000,Diesel,Individual,Manual,First Owner,13.0 kmpl,2982 CC,168.5 bhp,7.0
789,2009,150000,Diesel,Individual,Manual,Second Owner,13.6 kmpl,2523 CC,63 bhp,7.0
790,2019,60000,Diesel,Individual,Manual,First Owner,16.36 kmpl,2179 CC,120 bhp,7.0
791,2003,40000,Petrol,Individual,Manual,First Owner,18.9 kmpl,998 CC,67.1 bhp,5.0
792,2019,6500,Petrol,Individual,Manual,First Owner,20.0 kmpl,999 CC,72 bhp,7.0
793,2011,80000,Petrol,Individual,Manual,Second Owner,16.0 kmpl,1198 CC,90 bhp,5.0
794,2010,60000,Diesel,Individual,Manual,Second Owner,14.0 kmpl,2498 CC,112 bhp,7.0
795,2010,120000,Diesel,Individual,Manual,First Owner,18.8 kmpl,1248 CC,90 bhp,5.0
796,2012,70000,Diesel,Individual,Manual,Second Owner,15.3 kmpl,2956 CC,83.8 bhp,7.0
797,2011,120000,Diesel,Individual,Manual,First Owner,11.5 kmpl,2982 CC,171 bhp,7.0
798,2014,142500,Diesel,Individual,Manual,First Owner,19.5 kmpl,1248 CC,75 bhp,5.0
799,2014,121000,Diesel,Individual,Manual,Third Owner,12.99 kmpl,2494 CC,100.6 bhp,7.0
800,2013,70000,Petrol,Individual,Manual,First Owner,21.1 kmpl,814 CC,55.2 bhp,5.0
801,2015,188000,Diesel,Individual,Manual,First Owner,16.0 kmpl,2179 CC,140 bhp,7.0
802,2010,168000,Diesel,Individual,Manual,First Owner,14.0 kmpl,2498 CC,112 bhp,7.0
803,2008,120000,Petrol,Individual,Automatic,Second Owner,19.2 kmpl,1197 CC,80 bhp,5.0
804,2018,25000,Petrol,Individual,Manual,First Owner,17.0 kmpl,1198 CC,108.5 bhp,5.0
805,2012,72072,Diesel,Dealer,Manual,First Owner,21.1 kmpl,1248 CC,73.9 bhp,5.0
806,2016,75000,Diesel,Individual,Automatic,Third Owner,16.0 kmpl,2179 CC,140 bhp,7.0
807,2015,94000,Diesel,Individual,Manual,Second Owner,24.5 kmpl,1498 CC,98.6 bhp,7.0
808,2019,2600,Diesel,Individual,Manual,First Owner,23.0 kmpl,1498 CC,98.96 bhp,5.0
809,2009,60000,Petrol,Individual,Manual,First Owner,19.0 kmpl,998 CC,67.1 bhp,5.0
810,2015,120000,Diesel,Individual,Manual,First Owner,12.99 kmpl,2494 CC,100.6 bhp,7.0
811,2019,60000,Diesel,Individual,Manual,First Owner,22.54 kmpl,1396 CC,88.76 bhp,5.0
812,2002,80000,Petrol,Individual,Manual,Third Owner,16.1 kmpl,796 CC,37 bhp,4.0
813,2011,100000,Diesel,Individual,Manual,Second Owner,20.54 kmpl,1598 CC,103.6 bhp,5.0
814,2015,60000,Diesel,Individual,Manual,First Owner,25.1 kmpl,1498 CC,98.6 bhp,5.0
815,2017,35000,Diesel,Individual,Manual,First Owner,28.4 kmpl,1248 CC,74.02 bhp,5.0
816,2010,120000,Diesel,Individual,Manual,Second Owner,17.8 kmpl,1248 CC,75 bhp,5.0
817,2019,5400,Diesel,Dealer,Manual,Test Drive Car,22.27 kmpl,1498 CC,108.6 bhp,5.0
818,2006,100000,Petrol,Individual,Manual,Third Owner,15.3 kmpl,1341 CC,83 bhp,5.0
819,2011,50000,Petrol,Individual,Manual,First Owner,17.0 kmpl,1497 CC,118 bhp,5.0
820,2016,70000,Diesel,Individual,Manual,First Owner,16.0 kmpl,2179 CC,140 bhp,7.0
821,2014,120000,Diesel,Individual,Manual,First Owner,15.4 kmpl,2523 CC,75 bhp,7.0
822,2018,23300,Petrol,Dealer,Automatic,First Owner,18.5 kmpl,1197 CC,83.14 bhp,5.0
823,2017,35000,Diesel,Individual,Manual,First Owner,15.96 kmpl,2523 CC,62.1 bhp,7.0
824,2014,80000,Diesel,Individual,Manual,First Owner,20.45 kmpl,1461 CC,83.8 bhp,5.0
825,2019,1303,Petrol,Dealer,Manual,First Owner,17.8 kmpl,1198 CC,86.7 bhp,5.0
826,2012,75000,Diesel,Individual,Manual,First Owner,25.44 kmpl,936 CC,57.6 bhp,5.0
827,2015,31000,Diesel,Individual,Manual,Second Owner,25.2 kmpl,1248 CC,74 bhp,5.0
828,2011,70000,Petrol,Individual,Manual,Second Owner,14.0 kmpl,796 CC,35 bhp,5.0
829,2019,4000,Petrol,Individual,Manual,First Owner,20.3 kmpl,1086 CC,68 bhp,5.0
830,2002,70000,Petrol,Individual,Manual,Second Owner,16.1 kmpl,796 CC,37 bhp,4.0
831,2010,100000,Petrol,Individual,Manual,Second Owner,15.0 kmpl,1368 CC,90 bhp,5.0
832,2010,70000,Petrol,Individual,Manual,Fourth & Above Owner,20.36 kmpl,1197 CC,78.9 bhp,5.0
833,2015,22000,Petrol,Individual,Manual,First Owner,22.74 kmpl,796 CC,47.3 bhp,5.0
834,2012,57728,Petrol,Trustmark Dealer,Automatic,First Owner,14.53 kmpl,1794 CC,138.1 bhp,5.0
835,2016,30000,Diesel,Individual,Manual,Second Owner,27.3 kmpl,1498 CC,98.6 bhp,5.0
836,2012,40000,Petrol,Individual,Manual,First Owner,20.36 kmpl,1197 CC,78.9 bhp,5.0
837,2013,100000,Diesel,Individual,Manual,Third Owner,22.9 kmpl,1248 CC,74 bhp,5.0
838,2013,70000,Petrol,Individual,Manual,First Owner,19.81 kmpl,1086 CC,68.05 bhp,5.0
839,2004,60000,Petrol,Individual,Manual,First Owner,19.7 kmpl,796 CC,46.3 bhp,5.0
840,2013,79328,Diesel,Trustmark Dealer,Manual,Second Owner,12.99 kmpl,2494 CC,100.6 bhp,7.0
841,2016,78000,Diesel,Individual,Manual,First Owner,27.39 kmpl,1248 CC,74 bhp,5.0
842,2017,35000,Petrol,Individual,Manual,First Owner,17.57 kmpl,1193 CC,88.7 bhp,5.0
843,2010,77000,Petrol,Individual,Manual,First Owner,18.9 kmpl,998 CC,67.1 bhp,5.0
844,2009,70000,Diesel,Individual,Manual,First Owner,19.09 kmpl,1396 CC,69 bhp,5.0
845,2018,31000,Petrol,Dealer,Manual,First Owner,23.01 kmpl,999 CC,67 bhp,5.0
846,2009,110000,Petrol,Individual,Manual,Second Owner,15.7 kmpl,1172 CC,67 bhp,5.0
847,2010,120000,Diesel,Individual,Manual,First Owner,12.8 kmpl,2494 CC,102 bhp,7.0
848,2013,87185,Diesel,Individual,Manual,Second Owner,22.32 kmpl,1582 CC,126.3 bhp,5.0
849,2016,60000,Diesel,Dealer,Manual,Second Owner,13.68 kmpl,2393 CC,147.8 bhp,7.0
850,2016,40000,Petrol,Individual,Manual,First Owner,20.51 kmpl,998 CC,67.04 bhp,5.0
851,2013,116000,Diesel,Individual,Manual,Second Owner,23.4 kmpl,1248 CC,74 bhp,5.0
852,2015,170000,Diesel,Individual,Manual,First Owner,15.4 kmpl,2179 CC,120 bhp,7.0
853,2017,40000,Petrol,Individual,Manual,First Owner,20.51 kmpl,998 CC,67.04 bhp,5.0
854,2015,96500,Diesel,Individual,Manual,First Owner,20.5 kmpl,1248 CC,91.72 bhp,5.0
855,2003,35000,Petrol,Individual,Manual,Fourth & Above Owner,16.1 kmpl,796 CC,37 bhp,4.0
856,2013,200000,Diesel,Individual,Manual,Second Owner,20.07 kmpl,1461 CC,75 bhp,8.0
857,2018,15000,Petrol,Individual,Manual,First Owner,21.21 kmpl,1197 CC,81.80 bhp,5.0
858,2011,70000,Petrol,Individual,Manual,First Owner,18.5 kmpl,1197 CC,80 bhp,5.0
859,2010,120600,Petrol,Individual,Manual,Second Owner,18.9 kmpl,998 CC,67.1 bhp,5.0
860,2013,56429,Diesel,Dealer,Manual,Second Owner,19.01 kmpl,1461 CC,108.45 bhp,5.0
861,2018,19100,Petrol,Individual,Manual,First Owner,19.0 kmpl,1194 CC,94.68 bhp,5.0
862,2013,170000,Diesel,Individual,Manual,First Owner,20.45 kmpl,1461 CC,83.8 bhp,5.0
863,2011,10000,Petrol,Individual,Manual,Third Owner,26.0 kmpl,624 CC,35 bhp,4.0
864,2008,60000,Diesel,Individual,Automatic,Third Owner,11.0 kmpl,2993 CC,235 bhp,5.0
865,2018,22000,Diesel,Dealer,Automatic,First Owner,18.0 kmpl,1969 CC,190 bhp,5.0
866,2015,30000,Petrol,Individual,Manual,Second Owner,18.9 kmpl,1197 CC,81.86 bhp,5.0
867,2013,70000,Diesel,Individual,Manual,Third Owner,22.32 kmpl,1582 CC,126.32 bhp,5.0
868,2015,60000,Diesel,Individual,Manual,First Owner,22.95 kmpl,1248 CC,74 bhp,5.0
869,2012,80000,Diesel,Individual,Manual,Second Owner,19.3 kmpl,1248 CC,73.9 bhp,5.0
870,2012,135000,Diesel,Individual,Manual,First Owner,21.9 kmpl,1396 CC,88.76 bhp,5.0
871,2016,25000,Petrol,Individual,Manual,First Owner,17.19 kmpl,1197 CC,81.86 bhp,5.0
872,2012,90000,Diesel,Individual,Manual,Fourth & Above Owner,21.43 kmpl,1364 CC,87.2 bhp,5.0
873,2016,30000,Diesel,Individual,Manual,First Owner,18.49 kmpl,1493 CC,100 bhp,7.0
874,2014,50000,Petrol,Individual,Manual,First Owner,23.1 kmpl,998 CC,67.04 bhp,5.0
875,2019,20000,Petrol,Individual,Manual,Second Owner,20.3 kmpl,1086 CC,68 bhp,5.0
876,2011,157000,Diesel,Individual,Manual,Second Owner,22.32 kmpl,1582 CC,126.3 bhp,5.0
877,2011,93468,Diesel,Individual,Automatic,Second Owner,11.4 kmpl,2953 CC,153.86 bhp,7.0
878,2011,140000,Diesel,Individual,Manual,Second Owner,13.5 kmpl,2179 CC,115 bhp,5.0
879,2013,200000,Diesel,Individual,Automatic,First Owner,11.18 kmpl,2696 CC,184 bhp,7.0
880,2018,50000,Diesel,Individual,Automatic,First Owner,11.2 kmpl,1969 CC,235 bhp,5.0
881,2012,178000,Diesel,Individual,Manual,Second Owner,22.3 kmpl,1248 CC,74 bhp,5.0
882,2010,120000,Petrol,Individual,Manual,First Owner,20.36 kmpl,1197 CC,78.9 bhp,5.0
883,2015,155000,Diesel,Individual,Automatic,First Owner,14.81 kmpl,1998 CC,163.7 bhp,5.0
884,2007,90000,Diesel,Individual,Manual,Fourth & Above Owner,16.8 kmpl,1493 CC,110 bhp,5.0
885,2009,80000,Petrol,Individual,Manual,First Owner,16.6 kmpl,1197 CC,85 bhp,5.0
886,2019,3500,Petrol,Individual,Manual,First Owner,18.6 kmpl,1197 CC,81.86 bhp,5.0
887,2014,51000,Diesel,Individual,Automatic,First Owner,14.74 kmpl,2993 CC,270.9 bhp,5.0
888,2015,91500,Diesel,Individual,Manual,Second Owner,24.0 kmpl,1120 CC,70 bhp,5.0
889,2018,22000,Petrol,Individual,Manual,First Owner,24.7 kmpl,796 CC,47.3 bhp,5.0
890,2015,22500,Petrol,Individual,Manual,First Owner,20.51 kmpl,998 CC,67.04 bhp,5.0
891,2020,5000,Petrol,Individual,Manual,First Owner,18.6 kmpl,1197 CC,81.86 bhp,5.0
892,2013,100000,Diesel,Individual,Manual,Third Owner,22.9 kmpl,1248 CC,74 bhp,5.0
894,2015,63000,Diesel,Individual,Manual,First Owner,22.77 kmpl,1498 CC,98.59 bhp,5.0
895,2016,27500,Petrol,Individual,Manual,First Owner,25.17 kmpl,799 CC,53.3 bhp,5.0
896,2018,2000,Diesel,Dealer,Automatic,First Owner,16.8 kmpl,1984 CC,150 bhp,5.0
897,2017,50000,Diesel,Individual,Manual,Second Owner,15.4 kmpl,1997 CC,120 bhp,7.0
898,2016,40000,Petrol,Individual,Manual,First Owner,18.6 kmpl,1197 CC,81.83 bhp,5.0
899,2015,80000,Diesel,Individual,Manual,Second Owner,15.4 kmpl,2179 CC,120 bhp,7.0
900,2010,80000,Petrol,Individual,Manual,Second Owner,14.0 kmpl,1595 CC,102 bhp,5.0
901,2012,73000,Diesel,Individual,Manual,First Owner,20.77 kmpl,1248 CC,88.76 bhp,7.0
902,2014,15000,Petrol,Individual,Manual,Second Owner,22.74 kmpl,796 CC,47.3 bhp,5.0
903,2011,25000,Petrol,Individual,Manual,Second Owner,16.95 kmpl,1498 CC,97.7 bhp,5.0
904,2011,60000,Petrol,Individual,Manual,First Owner,18.9 kmpl,998 CC,67.1 bhp,5.0
905,2016,85000,Diesel,Individual,Automatic,Second Owner,12.62 kmpl,2198 CC,158 bhp,7.0
906,2016,110000,Diesel,Individual,Manual,Second Owner,18.2 kmpl,1248 CC,73.74 bhp,7.0
907,2014,160000,Diesel,Individual,Manual,First Owner,14.95 kmpl,2489 CC,93.7 bhp,7.0
908,2010,20000,Petrol,Individual,Manual,First Owner,19.7 kmpl,796 CC,46.3 bhp,5.0
909,2012,110000,Diesel,Individual,Manual,First Owner,25.44 kmpl,936 CC,57.6 bhp,5.0
910,2016,90000,Diesel,Individual,Manual,First Owner,24.3 kmpl,1248 CC,88.5 bhp,5.0
911,2014,80000,Diesel,Individual,Manual,Second Owner,22.32 kmpl,1582 CC,126.32 bhp,5.0
912,2014,40000,Petrol,Individual,Manual,Second Owner,22.74 kmpl,796 CC,47.3 bhp,5.0
913,2010,50000,Petrol,Individual,Manual,Second Owner,18.5 kmpl,1197 CC,80 bhp,5.0
914,2011,298000,Diesel,Individual,Manual,Second Owner,13.1 kmpl,2499 CC,141 bhp,7.0
915,2019,20000,Petrol,Dealer,Automatic,First Owner,22.37 kmpl,2487 CC,214.56 bhp,5.0
916,2017,16200,Diesel,Individual,Manual,First Owner,24.3 kmpl,1248 CC,88.5 bhp,5.0
917,2015,57000,Diesel,Dealer,Manual,First Owner,23.65 kmpl,1248 CC,88.5 bhp,5.0
918,2017,75000,Diesel,Individual,Manual,First Owner,24.3 kmpl,1248 CC,88.5 bhp,5.0
919,2015,30000,Petrol,Individual,Manual,First Owner,20.4 kmpl,1197 CC,81.80 bhp,5.0
920,2011,120000,Diesel,Individual,Manual,Second Owner,12.8 kmpl,2494 CC,102 bhp,8.0
921,2016,40000,Petrol,Individual,Automatic,First Owner,10.75 kmpl,2694 CC,163.7 bhp,7.0
922,2018,2388,Petrol,Individual,Manual,First Owner,18.6 kmpl,1197 CC,81.83 bhp,5.0
923,2017,25000,Diesel,Individual,Manual,First Owner,19.67 kmpl,1582 CC,126.2 bhp,5.0
924,2011,100000,Diesel,Individual,Manual,Second Owner,20.54 kmpl,1598 CC,103.6 bhp,5.0
925,2017,35000,Petrol,Individual,Manual,First Owner,20.51 kmpl,998 CC,67.04 bhp,5.0
926,2004,40000,Diesel,Individual,Manual,Second Owner,16.8 kmpl,1405 CC,62 bhp,5.0
927,2018,10000,Petrol,Individual,Manual,First Owner,25.17 kmpl,799 CC,53.3 bhp,5.0
928,2011,89000,Diesel,Individual,Manual,Second Owner,21.1 kmpl,1248 CC,73.9 bhp,5.0
929,2017,40000,Diesel,Individual,Manual,Second Owner,18.2 kmpl,1248 CC,73.74 bhp,7.0
930,2017,40000,Diesel,Individual,Manual,First Owner,25.0 kmpl,1396 CC,69 bhp,5.0
931,2018,35000,Diesel,Individual,Automatic,First Owner,10.91 kmpl,3198 CC,197 bhp,7.0
932,2016,70000,Petrol,Individual,Manual,First Owner,18.9 kmpl,1197 CC,82 bhp,5.0
933,2010,151000,Diesel,Individual,Manual,Second Owner,11.5 kmpl,2982 CC,171 bhp,7.0
934,2017,37000,Diesel,Dealer,Automatic,First Owner,13.5 kmpl,2987 CC,254.79 bhp,5.0
935,2011,47000,Petrol,Individual,Manual,First Owner,18.5 kmpl,1197 CC,85.80 bhp,5.0
936,2019,8500,Diesel,Dealer,Automatic,First Owner,16.78 kmpl,1995 CC,190 bhp,5.0
937,2018,30000,Petrol,Individual,Automatic,First Owner,23.1 kmpl,998 CC,67.04 bhp,5.0
938,2012,35000,Petrol,Individual,Manual,First Owner,18.9 kmpl,998 CC,67.1 bhp,5.0
939,2015,80000,Diesel,Individual,Manual,Second Owner,26.0 kmpl,1498 CC,98.6 bhp,5.0
940,2017,5000,Petrol,Individual,Manual,First Owner,25.17 kmpl,799 CC,53.3 bhp,5.0
942,2016,120000,Petrol,Individual,Manual,Second Owner,16.2 kmpl,1199 CC,74 bhp,5.0
943,2017,30000,Petrol,Individual,Manual,First Owner,20.4 kmpl,1197 CC,81.80 bhp,5.0
944,2010,70000,Petrol,Individual,Manual,Second Owner,16.1 kmpl,796 CC,37 bhp,4.0
945,2015,39414,Petrol,Dealer,Manual,First Owner,18.9 kmpl,1197 CC,81.86 bhp,5.0
946,2014,50000,Diesel,Individual,Manual,Second Owner,21.79 kmpl,1248 CC,88.73 bhp,5.0
947,2019,15000,Petrol,Individual,Manual,First Owner,23.95 kmpl,998 CC,67.05 bhp,5.0
948,2013,90000,Diesel,Individual,Manual,Second Owner,20.77 kmpl,1248 CC,88.76 bhp,7.0
949,2016,68089,Petrol,Trustmark Dealer,Automatic,First Owner,19.16 kmpl,2494 CC,157.7 bhp,5.0
950,2016,50000,Diesel,Individual,Automatic,Second Owner,26.59 kmpl,1248 CC,74 bhp,5.0
951,2015,120000,Diesel,Individual,Manual,First Owner,24.2 kmpl,1498 CC,98.6 bhp,7.0
952,2013,27000,Petrol,Individual,Manual,First Owner,20.92 kmpl,998 CC,67.1 bhp,5.0
953,2005,55425,Petrol,Individual,Manual,Second Owner,16.1 kmpl,796 CC,37 bhp,4.0
954,2007,120000,Petrol,Individual,Manual,Third Owner,17.7 kmpl,1497 CC,78 bhp,5.0
955,2019,15000,Petrol,Individual,Manual,First Owner,25.17 kmpl,799 CC,53.3 bhp,5.0
956,2010,50000,Petrol,Individual,Manual,First Owner,18.0 kmpl,995 CC,62 bhp,5.0
957,2016,30000,Petrol,Individual,Manual,Second Owner,18.9 kmpl,1197 CC,82 bhp,5.0
958,2017,70000,Diesel,Individual,Manual,First Owner,17.6 kmpl,2179 CC,153.86 bhp,7.0
960,2017,31000,Diesel,Dealer,Automatic,First Owner,21.66 kmpl,1498 CC,103.52 bhp,5.0
961,2018,70000,Diesel,Individual,Manual,First Owner,25.1 kmpl,1248 CC,88.5 bhp,5.0
962,2014,60000,Petrol,Individual,Manual,Second Owner,22.74 kmpl,796 CC,47.3 bhp,5.0
963,2019,15000,Diesel,Individual,Manual,First Owner,22.1 kmpl,1396 CC,88.7 bhp,5.0
964,2009,150000,Diesel,Individual,Manual,First Owner,13.93 kmpl,2179 CC,138 bhp,7.0
965,2011,35000,Petrol,Individual,Manual,Second Owner,20.92 kmpl,998 CC,67.1 bhp,5.0
966,2011,110000,Petrol,Individual,Manual,Third Owner,16.8 kmpl,1497 CC,116.4 bhp,5.0
967,2018,40000,Diesel,Individual,Automatic,First Owner,16.25 kmpl,1968 CC,148 bhp,7.0
968,2009,70000,Petrol,Individual,Manual,Second Owner,19.7 kmpl,796 CC,46.3 bhp,5.0
969,2017,35000,Diesel,Individual,Manual,First Owner,20.65 kmpl,1248 CC,88.7 bhp,5.0
970,2009,90000,Petrol,Individual,Manual,Third Owner,17.5 kmpl,1298 CC,85.8 bhp,5.0
971,2017,50000,Diesel,Individual,Manual,First Owner,24.52 kmpl,1248 CC,88.5 bhp,7.0
972,2016,25000,Diesel,Individual,Manual,First Owner,16.0 kmpl,2179 CC,140 bhp,7.0
973,2013,82246,Petrol,Dealer,Manual,First Owner,20.36 kmpl,1197 CC,78.9 bhp,5.0
974,2005,200000,Diesel,Individual,Manual,Second Owner,12.8 kmpl,2494 CC,102 bhp,8.0
975,2015,90000,Diesel,Individual,Manual,First Owner,15.4 kmpl,2179 CC,120 bhp,7.0
976,2017,50000,Diesel,Individual,Automatic,First Owner,15.04 kmpl,2755 CC,174.5 bhp,7.0
977,2018,120000,Petrol,Individual,Manual,First Owner,20.3 kmpl,998 CC,68.05 bhp,5.0
978,2014,90000,Diesel,Individual,Manual,First Owner,23.4 kmpl,1248 CC,74 bhp,5.0
979,2006,60000,Petrol,Individual,Manual,Third Owner,11.9 kmpl,2354 CC,144 bhp,5.0
980,2018,40000,Petrol,Individual,Manual,First Owner,20.14 kmpl,1197 CC,81.86 bhp,5.0
982,2012,108000,Diesel,Individual,Manual,First Owner,19.3 kmpl,1248 CC,73.9 bhp,5.0
983,2011,80000,Diesel,Individual,Manual,First Owner,13.6 kmpl,2523 CC,63 bhp,7.0
984,2012,70000,Diesel,Individual,Manual,First Owner,23.2 kmpl,1248 CC,73.94 bhp,5.0
985,2006,140000,Petrol,Individual,Manual,Third Owner,17.7 kmpl,1497 CC,78 bhp,5.0
986,2013,60000,Diesel,Individual,Manual,Second Owner,21.27 kmpl,1396 CC,88.76 bhp,5.0
987,2013,60000,Diesel,Individual,Manual,Second Owner,25.0 kmpl,1396 CC,69.01 bhp,5.0
988,2014,50000,Petrol,Individual,Manual,First Owner,22.74 kmpl,796 CC,47.3 bhp,5.0
989,2008,90000,Petrol,Individual,Manual,Second Owner,18.9 kmpl,998 CC,67.1 bhp,5.0
990,2007,70000,Petrol,Individual,Manual,Second Owner,19.7 kmpl,796 CC,46.3 bhp,5.0
991,2012,26000,Petrol,Individual,Manual,First Owner,19.4 kmpl,1198 CC,86.8 bhp,5.0
992,2006,150000,Petrol,Individual,Manual,Second Owner,19.7 kmpl,796 CC,46.3 bhp,5.0
993,1999,100000,Petrol,Individual,Manual,First Owner,16.1 kmpl,796 CC,37 bhp,4.0
994,2010,143000,Petrol,Individual,Manual,First Owner,17.5 kmpl,1298 CC,85.8 bhp,5.0
995,2008,100000,Petrol,Individual,Manual,Second Owner,19.81 kmpl,1086 CC,68.05 bhp,5.0
996,2017,50000,Petrol,Individual,Manual,Second Owner,18.6 kmpl,1197 CC,81.83 bhp,5.0
997,2009,40000,Diesel,Individual,Manual,First Owner,23.0 kmpl,1396 CC,90 bhp,5.0
998,2012,25000,Petrol,Individual,Manual,First Owner,20.36 kmpl,1197 CC,78.9 bhp,5.0
999,2016,110000,Diesel,Individual,Manual,First Owner,26.0 kmpl,1498 CC,98.6 bhp,5.0
